series_name,value,date
Exports of Goods,2194,2013-07-31
Imports of Goods,-3458,2013-07-31
Balance of trade in services,-224,2013-07-31
Balance on primary income,-237,2013-07-31
Balance on secondary income,1619,2013-07-31
Capital Account,19,2013-07-31
Disbursements (Govt.),81,2013-07-31
Amortization (Govt.),-258,2013-07-31
Other flows in financial account,-226,2013-07-31
Net errors and omissions,-330,2013-07-31
Exports of Goods,2009,2013-08-31
Imports of Goods,-3468,2013-08-31
Balance of trade in services,-379,2013-08-31
Balance on primary income,-216,2013-08-31
Balance on secondary income,1573,2013-08-31
Capital Account,7,2013-08-31
Disbursements (Govt.),399,2013-08-31
Amortization (Govt.),-226,2013-08-31
Other flows in financial account,440,2013-08-31
Net errors and omissions,67,2013-08-31
Exports of Goods,2054,2013-09-30
Imports of Goods,-3715,2013-09-30
Balance of trade in services,-305,2013-09-30
Balance on primary income,-368,2013-09-30
Balance on secondary income,1606,2013-09-30
Capital Account,19,2013-09-30
Disbursements (Govt.),111,2013-09-30
Amortization (Govt.),-292,2013-09-30
Other flows in financial account,460,2013-09-30
Net errors and omissions,-147,2013-09-30
Exports of Goods,2063,2013-10-31
Imports of Goods,-3617,2013-10-31
Balance of trade in services,-42,2013-10-31
Balance on primary income,-382,2013-10-31
Balance on secondary income,1868,2013-10-31
Capital Account,5,2013-10-31
Disbursements (Govt.),124,2013-10-31
Amortization (Govt.),-72,2013-10-31
Other flows in financial account,-236,2013-10-31
Net errors and omissions,-62,2013-10-31
Exports of Goods,1820,2013-11-30
Imports of Goods,-3265,2013-11-30
Balance of trade in services,-360,2013-11-30
Balance on primary income,-475,2013-11-30
Balance on secondary income,1559,2013-11-30
Capital Account,22,2013-11-30
Disbursements (Govt.),329,2013-11-30
Amortization (Govt.),-298,2013-11-30
Other flows in financial account,198,2013-11-30
Net errors and omissions,-49,2013-11-30
Exports of Goods,2327,2013-12-31
Imports of Goods,-3594,2013-12-31
Balance of trade in services,-198,2013-12-31
Balance on primary income,-328,2013-12-31
Balance on secondary income,1936,2013-12-31
Capital Account,91,2013-12-31
Disbursements (Govt.),297,2013-12-31
Amortization (Govt.),-222,2013-12-31
Other flows in financial account,-361,2013-12-31
Net errors and omissions,217,2013-12-31
Exports of Goods,2129,2014-01-31
Imports of Goods,-3596,2014-01-31
Balance of trade in services,-321,2014-01-31
Balance on primary income,-159,2014-01-31
Balance on secondary income,1411,2014-01-31
Capital Account,41,2014-01-31
Disbursements (Govt.),97,2014-01-31
Amortization (Govt.),-96,2014-01-31
Other flows in financial account,312,2014-01-31
Net errors and omissions,-79,2014-01-31
Exports of Goods,2058,2014-02-28
Imports of Goods,-3159,2014-02-28
Balance of trade in services,11,2014-02-28
Balance on primary income,-324,2014-02-28
Balance on secondary income,1500,2014-02-28
Capital Account,761,2014-02-28
Disbursements (Govt.),296,2014-02-28
Amortization (Govt.),-215,2014-02-28
Other flows in financial account,-6,2014-02-28
Net errors and omissions,-6,2014-02-28
Exports of Goods,2092,2014-03-31
Imports of Goods,-3354,2014-03-31
Balance of trade in services,-310,2014-03-31
Balance on primary income,-377,2014-03-31
Balance on secondary income,1710,2014-03-31
Capital Account,801,2014-03-31
Disbursements (Govt.),277,2014-03-31
Amortization (Govt.),-327,2014-03-31
Other flows in financial account,734,2014-03-31
Net errors and omissions,-253,2014-03-31
Exports of Goods,2097,2014-04-30
Imports of Goods,-3329,2014-04-30
Balance of trade in services,-312,2014-04-30
Balance on primary income,-311,2014-04-30
Balance on secondary income,1616,2014-04-30
Capital Account,16,2014-04-30
Disbursements (Govt.),309,2014-04-30
Amortization (Govt.),-79,2014-04-30
Other flows in financial account,1931,2014-04-30
Net errors and omissions,260,2014-04-30
Exports of Goods,2133,2014-05-31
Imports of Goods,-3531,2014-05-31
Balance of trade in services,100,2014-05-31
Balance on primary income,-489,2014-05-31
Balance on secondary income,1691,2014-05-31
Capital Account,28,2014-05-31
Disbursements (Govt.),1514,2014-05-31
Amortization (Govt.),-375,2014-05-31
Other flows in financial account,279,2014-05-31
Net errors and omissions,49,2014-05-31
Exports of Goods,2102,2014-06-30
Imports of Goods,-3582,2014-06-30
Balance of trade in services,-310,2014-06-30
Balance on primary income,-289,2014-06-30
Balance on secondary income,1976,2014-06-30
Capital Account,47,2014-06-30
Disbursements (Govt.),515,2014-06-30
Amortization (Govt.),-274,2014-06-30
Other flows in financial account,413,2014-06-30
Net errors and omissions,-89,2014-06-30
Exports of Goods,1919,2014-07-31
Imports of Goods,-4021,2014-07-31
Balance of trade in services,-383,2014-07-31
Balance on primary income,-223,2014-07-31
Balance on secondary income,1911,2014-07-31
Capital Account,2,2014-07-31
Disbursements (Govt.),351,2014-07-31
Amortization (Govt.),-115,2014-07-31
Other flows in financial account,223,2014-07-31
Net errors and omissions,-14,2014-07-31
Exports of Goods,1880,2014-08-31
Imports of Goods,-3932,2014-08-31
Balance of trade in services,-111,2014-08-31
Balance on primary income,-202,2014-08-31
Balance on secondary income,1775,2014-08-31
Capital Account,4,2014-08-31
Disbursements (Govt.),399,2014-08-31
Amortization (Govt.),-348,2014-08-31
Other flows in financial account,86,2014-08-31
Net errors and omissions,70,2014-08-31
Exports of Goods,2161,2014-09-30
Imports of Goods,-4092,2014-09-30
Balance of trade in services,-168,2014-09-30
Balance on primary income,-429,2014-09-30
Balance on secondary income,2238,2014-09-30
Capital Account,53,2014-09-30
Disbursements (Govt.),364,2014-09-30
Amortization (Govt.),-346,2014-09-30
Other flows in financial account,567,2014-09-30
Net errors and omissions,46,2014-09-30
Exports of Goods,2088,2014-10-31
Imports of Goods,-3570,2014-10-31
Balance of trade in services,-296,2014-10-31
Balance on primary income,-535,2014-10-31
Balance on secondary income,2003,2014-10-31
Capital Account,68,2014-10-31
Disbursements (Govt.),232,2014-10-31
Amortization (Govt.),-81,2014-10-31
Other flows in financial account,-109,2014-10-31
Net errors and omissions,-108,2014-10-31
Exports of Goods,1861,2014-11-30
Imports of Goods,-3100,2014-11-30
Balance of trade in services,-313,2014-11-30
Balance on primary income,-554,2014-11-30
Balance on secondary income,1498,2014-11-30
Capital Account,38,2014-11-30
Disbursements (Govt.),205,2014-11-30
Amortization (Govt.),-380,2014-11-30
Other flows in financial account,438,2014-11-30
Net errors and omissions,49,2014-11-30
Exports of Goods,2257,2014-12-31
Imports of Goods,-3409,2014-12-31
Balance of trade in services,-236,2014-12-31
Balance on primary income,-417,2014-12-31
Balance on secondary income,1869,2014-12-31
Capital Account,102,2014-12-31
Disbursements (Govt.),497,2014-12-31
Amortization (Govt.),-361,2014-12-31
Other flows in financial account,1049,2014-12-31
Net errors and omissions,35,2014-12-31
Exports of Goods,1964,2015-01-31
Imports of Goods,-3015,2015-01-31
Balance of trade in services,-355,2015-01-31
Balance on primary income,-346,2015-01-31
Balance on secondary income,1494,2015-01-31
Capital Account,8,2015-01-31
Disbursements (Govt.),220,2015-01-31
Amortization (Govt.),-99,2015-01-31
Other flows in financial account,-17,2015-01-31
Net errors and omissions,19,2015-01-31
Exports of Goods,1853,2015-02-28
Imports of Goods,-2799,2015-02-28
Balance of trade in services,402,2015-02-28
Balance on primary income,-253,2015-02-28
Balance on secondary income,1598,2015-02-28
Capital Account,10,2015-02-28
Disbursements (Govt.),149,2015-02-28
Amortization (Govt.),-113,2015-02-28
Other flows in financial account,60,2015-02-28
Net errors and omissions,31,2015-02-28
Exports of Goods,2049,2015-03-31
Imports of Goods,-3294,2015-03-31
Balance of trade in services,-307,2015-03-31
Balance on primary income,-265,2015-03-31
Balance on secondary income,1788,2015-03-31
Capital Account,37,2015-03-31
Disbursements (Govt.),324,2015-03-31
Amortization (Govt.),-306,2015-03-31
Other flows in financial account,-152,2015-03-31
Net errors and omissions,43,2015-03-31
Exports of Goods,2067,2015-04-30
Imports of Goods,-3045,2015-04-30
Balance of trade in services,-349,2015-04-30
Balance on primary income,-452,2015-04-30
Balance on secondary income,1904,2015-04-30
Capital Account,31,2015-04-30
Disbursements (Govt.),106,2015-04-30
Amortization (Govt.),-215,2015-04-30
Other flows in financial account,718,2015-04-30
Net errors and omissions,138,2015-04-30
Exports of Goods,1880,2015-05-31
Imports of Goods,-3470,2015-05-31
Balance of trade in services,-385,2015-05-31
Balance on primary income,-484,2015-05-31
Balance on secondary income,1823,2015-05-31
Capital Account,14,2015-05-31
Disbursements (Govt.),156,2015-05-31
Amortization (Govt.),-234,2015-05-31
Other flows in financial account,321,2015-05-31
Net errors and omissions,-138,2015-05-31
Exports of Goods,2111,2015-06-30
Imports of Goods,-3610,2015-06-30
Balance of trade in services,-475,2015-06-30
Balance on primary income,-439,2015-06-30
Balance on secondary income,2126,2015-06-30
Capital Account,8,2015-06-30
Disbursements (Govt.),1240,2015-06-30
Amortization (Govt.),-243,2015-06-30
Other flows in financial account,533,2015-06-30
Net errors and omissions,-204,2015-06-30
Exports of Goods,1759,2015-07-31
Imports of Goods,-3596,2015-07-31
Balance of trade in services,39,2015-07-31
Balance on primary income,-328,2015-07-31
Balance on secondary income,1821,2015-07-31
Capital Account,20,2015-07-31
Disbursements (Govt.),127,2015-07-31
Amortization (Govt.),-124,2015-07-31
Other flows in financial account,388,2015-07-31
Net errors and omissions,168,2015-07-31
Exports of Goods,1738,2015-08-31
Imports of Goods,-3222,2015-08-31
Balance of trade in services,-441,2015-08-31
Balance on primary income,-239,2015-08-31
Balance on secondary income,1762,2015-08-31
Capital Account,62,2015-08-31
Disbursements (Govt.),151.8,2015-08-31
Amortization (Govt.),-165,2015-08-31
Other flows in financial account,252,2015-08-31
Net errors and omissions,-172.8,2015-08-31
Exports of Goods,1821,2015-09-30
Imports of Goods,-3257,2015-09-30
Balance of trade in services,24,2015-09-30
Balance on primary income,-582,2015-09-30
Balance on secondary income,2115,2015-09-30
Capital Account,7,2015-09-30
Disbursements (Govt.),687,2015-09-30
Amortization (Govt.),-622,2015-09-30
Other flows in financial account,987,2015-09-30
Net errors and omissions,65,2015-09-30
Exports of Goods,1778,2015-10-31
Imports of Goods,-3254,2015-10-31
Balance of trade in services,-359,2015-10-31
Balance on primary income,-635,2015-10-31
Balance on secondary income,1929,2015-10-31
Capital Account,38,2015-10-31
Disbursements (Govt.),146,2015-10-31
Amortization (Govt.),-168,2015-10-31
Other flows in financial account,40,2015-10-31
Net errors and omissions,79,2015-10-31
Exports of Goods,1740,2015-11-30
Imports of Goods,-3152,2015-11-30
Balance of trade in services,-293,2015-11-30
Balance on primary income,-484,2015-11-30
Balance on secondary income,1878,2015-11-30
Capital Account,25,2015-11-30
Disbursements (Govt.),596,2015-11-30
Amortization (Govt.),-280,2015-11-30
Other flows in financial account,145,2015-11-30
Net errors and omissions,-176,2015-11-30
Exports of Goods,1947,2015-12-31
Imports of Goods,-4101,2015-12-31
Balance of trade in services,-411,2015-12-31
Balance on primary income,-492,2015-12-31
Balance on secondary income,1976,2015-12-31
Capital Account,14,2015-12-31
Disbursements (Govt.),1380,2015-12-31
Amortization (Govt.),-369,2015-12-31
Other flows in financial account,874,2015-12-31
Net errors and omissions,-197,2015-12-31
Exports of Goods,1692,2016-01-31
Imports of Goods,-3357,2016-01-31
Balance of trade in services,-318,2016-01-31
Balance on primary income,-387,2016-01-31
Balance on secondary income,1591,2016-01-31
Capital Account,14,2016-01-31
Disbursements (Govt.),179,2016-01-31
Amortization (Govt.),-197,2016-01-31
Other flows in financial account,156,2016-01-31
Net errors and omissions,212,2016-01-31
Exports of Goods,1864,2016-02-29
Imports of Goods,-3086,2016-02-29
Balance of trade in services,-231,2016-02-29
Balance on primary income,-285,2016-02-29
Balance on secondary income,1713,2016-02-29
Capital Account,27,2016-02-29
Disbursements (Govt.),194,2016-02-29
Amortization (Govt.),-82,2016-02-29
Other flows in financial account,-40,2016-02-29
Net errors and omissions,-77,2016-02-29
Exports of Goods,1989,2016-03-31
Imports of Goods,-3321,2016-03-31
Balance of trade in services,-277,2016-03-31
Balance on primary income,-441,2016-03-31
Balance on secondary income,1983,2016-03-31
Capital Account,6,2016-03-31
Disbursements (Govt.),743,2016-03-31
Amortization (Govt.),-286,2016-03-31
Other flows in financial account,-463,2016-03-31
Net errors and omissions,170,2016-03-31
Exports of Goods,1818,2016-04-30
Imports of Goods,-3168,2016-04-30
Balance of trade in services,-254,2016-04-30
Balance on primary income,-458,2016-04-30
Balance on secondary income,1882,2016-04-30
Capital Account,26,2016-04-30
Disbursements (Govt.),207,2016-04-30
Amortization (Govt.),-68,2016-04-30
Other flows in financial account,-192,2016-04-30
Net errors and omissions,-46,2016-04-30
Exports of Goods,1959,2016-05-31
Imports of Goods,-3577,2016-05-31
Balance of trade in services,-699,2016-05-31
Balance on primary income,-632,2016-05-31
Balance on secondary income,1865,2016-05-31
Capital Account,23,2016-05-31
Disbursements (Govt.),537,2016-05-31
Amortization (Govt.),-196,2016-05-31
Other flows in financial account,1012,2016-05-31
Net errors and omissions,396,2016-05-31
Exports of Goods,1867,2016-06-30
Imports of Goods,-4027,2016-06-30
Balance of trade in services,-326,2016-06-30
Balance on primary income,-382,2016-06-30
Balance on secondary income,2561,2016-06-30
Capital Account,11,2016-06-30
Disbursements (Govt.),1211,2016-06-30
Amortization (Govt.),-157,2016-06-30
Other flows in financial account,274,2016-06-30
Net errors and omissions,41,2016-06-30
Exports of Goods,1508,2016-07-31
Imports of Goods,-3119,2016-07-31
Balance of trade in services,-363,2016-07-31
Balance on primary income,-358,2016-07-31
Balance on secondary income,1614,2016-07-31
Capital Account,10,2016-07-31
Disbursements (Govt.),196,2016-07-31
Amortization (Govt.),-119,2016-07-31
Other flows in financial account,678,2016-07-31
Net errors and omissions,-122,2016-07-31
Exports of Goods,1857,2016-08-31
Imports of Goods,-3916,2016-08-31
Balance of trade in services,-423,2016-08-31
Balance on primary income,-244,2016-08-31
Balance on secondary income,2059,2016-08-31
Capital Account,63,2016-08-31
Disbursements (Govt.),229,2016-08-31
Amortization (Govt.),-104,2016-08-31
Other flows in financial account,338,2016-08-31
Net errors and omissions,195,2016-08-31
Exports of Goods,1689,2016-09-30
Imports of Goods,-3125,2016-09-30
Balance of trade in services,-523,2016-09-30
Balance on primary income,-388,2016-09-30
Balance on secondary income,2051,2016-09-30
Capital Account,22,2016-09-30
Disbursements (Govt.),1443,2016-09-30
Amortization (Govt.),-854,2016-09-30
Other flows in financial account,155,2016-09-30
Net errors and omissions,-172,2016-09-30
Exports of Goods,1826,2016-10-31
Imports of Goods,-3482,2016-10-31
Balance of trade in services,-377,2016-10-31
Balance on primary income,-445,2016-10-31
Balance on secondary income,1802,2016-10-31
Capital Account,2,2016-10-31
Disbursements (Govt.),135,2016-10-31
Amortization (Govt.),-117,2016-10-31
Other flows in financial account,1145,2016-10-31
Net errors and omissions,31,2016-10-31
Exports of Goods,1860,2016-11-30
Imports of Goods,-3940,2016-11-30
Balance of trade in services,-346,2016-11-30
Balance on primary income,-487,2016-11-30
Balance on secondary income,1806,2016-11-30
Capital Account,16,2016-11-30
Disbursements (Govt.),167,2016-11-30
Amortization (Govt.),-276,2016-11-30
Other flows in financial account,675,2016-11-30
Net errors and omissions,41,2016-11-30
Exports of Goods,1891,2016-12-31
Imports of Goods,-4082,2016-12-31
Balance of trade in services,-520,2016-12-31
Balance on primary income,-488,2016-12-31
Balance on secondary income,1914,2016-12-31
Capital Account,12,2016-12-31
Disbursements (Govt.),986,2016-12-31
Amortization (Govt.),-212,2016-12-31
Other flows in financial account,319,2016-12-31
Net errors and omissions,94,2016-12-31
Exports of Goods,1811,2017-01-31
Imports of Goods,-4327,2017-01-31
Balance of trade in services,-399,2017-01-31
Balance on primary income,-296,2017-01-31
Balance on secondary income,1724,2017-01-31
Capital Account,32,2017-01-31
Disbursements (Govt.),426,2017-01-31
Amortization (Govt.),-790,2017-01-31
Other flows in financial account,928,2017-01-31
Net errors and omissions,-35,2017-01-31
Exports of Goods,1797,2017-02-28
Imports of Goods,-4021,2017-02-28
Balance of trade in services,-129,2017-02-28
Balance on primary income,-353,2017-02-28
Balance on secondary income,1712,2017-02-28
Capital Account,118,2017-02-28
Disbursements (Govt.),353,2017-02-28
Amortization (Govt.),-124,2017-02-28
Other flows in financial account,449,2017-02-28
Net errors and omissions,-111,2017-02-28
Exports of Goods,2075,2017-03-31
Imports of Goods,-4348,2017-03-31
Balance of trade in services,-31,2017-03-31
Balance on primary income,-344,2017-03-31
Balance on secondary income,2039,2017-03-31
Capital Account,9,2017-03-31
Disbursements (Govt.),225,2017-03-31
Amortization (Govt.),-411,2017-03-31
Other flows in financial account,323,2017-03-31
Net errors and omissions,-143,2017-03-31
Exports of Goods,1827,2017-04-30
Imports of Goods,-4072,2017-04-30
Balance of trade in services,-424,2017-04-30
Balance on primary income,-445,2017-04-30
Balance on secondary income,1840,2017-04-30
Capital Account,56,2017-04-30
Disbursements (Govt.),533,2017-04-30
Amortization (Govt.),-183,2017-04-30
Other flows in financial account,327,2017-04-30
Net errors and omissions,144,2017-04-30
Exports of Goods,1978,2017-05-31
Imports of Goods,-4583,2017-05-31
Balance of trade in services,-584,2017-05-31
Balance on primary income,-657,2017-05-31
Balance on secondary income,2120,2017-05-31
Capital Account,3,2017-05-31
Disbursements (Govt.),1908,2017-05-31
Amortization (Govt.),-446,2017-05-31
Other flows in financial account,648,2017-05-31
Net errors and omissions,-51,2017-05-31
Exports of Goods,1884,2017-06-30
Imports of Goods,-4986,2017-06-30
Balance of trade in services,-542,2017-06-30
Balance on primary income,-509,2017-06-30
Balance on secondary income,2722,2017-06-30
Capital Account,32,2017-06-30
Disbursements (Govt.),2813,2017-06-30
Amortization (Govt.),-738,2017-06-30
Other flows in financial account,-1170,2017-06-30
Net errors and omissions,223,2017-06-30
Exports of Goods,1817,2017-07-31
Imports of Goods,-4799,2017-07-31
Balance of trade in services,-596,2017-07-31
Balance on primary income,-397,2017-07-31
Balance on secondary income,1734,2017-07-31
Capital Account,14,2017-07-31
Disbursements (Govt.),266,2017-07-31
Amortization (Govt.),-235,2017-07-31
Other flows in financial account,722,2017-07-31
Net errors and omissions,-59,2017-07-31
Exports of Goods,2090,2017-08-31
Imports of Goods,-4530,2017-08-31
Balance of trade in services,-590,2017-08-31
Balance on primary income,-339,2017-08-31
Balance on secondary income,2422,2017-08-31
Capital Account,41,2017-08-31
Disbursements (Govt.),622,2017-08-31
Amortization (Govt.),-309,2017-08-31
Other flows in financial account,787,2017-08-31
Net errors and omissions,-47,2017-08-31
Exports of Goods,1743,2017-09-30
Imports of Goods,-3884,2017-09-30
Balance of trade in services,-472,2017-09-30
Balance on primary income,-311,2017-09-30
Balance on secondary income,1774,2017-09-30
Capital Account,51,2017-09-30
Disbursements (Govt.),593,2017-09-30
Amortization (Govt.),-806,2017-09-30
Other flows in financial account,619,2017-09-30
Net errors and omissions,-68,2017-09-30
Exports of Goods,1960,2017-10-31
Imports of Goods,-4395,2017-10-31
Balance of trade in services,-387,2017-10-31
Balance on primary income,-461,2017-10-31
Balance on secondary income,2040,2017-10-31
Capital Account,10,2017-10-31
Disbursements (Govt.),881,2017-10-31
Amortization (Govt.),-77,2017-10-31
Other flows in financial account,192,2017-10-31
Net errors and omissions,-116,2017-10-31
Exports of Goods,2173,2017-11-30
Imports of Goods,-4515,2017-11-30
Balance of trade in services,-624,2017-11-30
Balance on primary income,-565,2017-11-30
Balance on secondary income,1896,2017-11-30
Capital Account,6,2017-11-30
Disbursements (Govt.),651,2017-11-30
Amortization (Govt.),-360,2017-11-30
Other flows in financial account,483,2017-11-30
Net errors and omissions,62,2017-11-30
Exports of Goods,2008,2017-12-31
Imports of Goods,-4297,2017-12-31
Balance of trade in services,-635,2017-12-31
Balance on primary income,-483,2017-12-31
Balance on secondary income,1964,2017-12-31
Capital Account,64,2017-12-31
Disbursements (Govt.),826,2017-12-31
Amortization (Govt.),-296,2017-12-31
Other flows in financial account,2409,2017-12-31
Net errors and omissions,-127,2017-12-31
Exports of Goods,2090,2018-01-31
Imports of Goods,-4930,2018-01-31
Balance of trade in services,-434,2018-01-31
Balance on primary income,-401,2018-01-31
Balance on secondary income,1925,2018-01-31
Capital Account,31,2018-01-31
Disbursements (Govt.),765,2018-01-31
Amortization (Govt.),-147,2018-01-31
Other flows in financial account,-73,2018-01-31
Net errors and omissions,-210,2018-01-31
Exports of Goods,2057,2018-02-28
Imports of Goods,-4260,2018-02-28
Balance of trade in services,-410,2018-02-28
Balance on primary income,-279,2018-02-28
Balance on secondary income,1682,2018-02-28
Capital Account,23,2018-02-28
Disbursements (Govt.),240,2018-02-28
Amortization (Govt.),-124,2018-02-28
Other flows in financial account,487,2018-02-28
Net errors and omissions,53,2018-02-28
Exports of Goods,2316,2018-03-31
Imports of Goods,-5066,2018-03-31
Balance of trade in services,-417,2018-03-31
Balance on primary income,-412,2018-03-31
Balance on secondary income,2144,2018-03-31
Capital Account,52,2018-03-31
Disbursements (Govt.),322,2018-03-31
Amortization (Govt.),-398,2018-03-31
Other flows in financial account,825,2018-03-31
Net errors and omissions,44,2018-03-31
Exports of Goods,2235,2018-04-30
Imports of Goods,-4846,2018-04-30
Balance of trade in services,-799,2018-04-30
Balance on primary income,-543,2018-04-30
Balance on secondary income,1714,2018-04-30
Capital Account,13,2018-04-30
Disbursements (Govt.),1691,2018-04-30
Amortization (Govt.),-81,2018-04-30
Other flows in financial account,314,2018-04-30
Net errors and omissions,79,2018-04-30
Exports of Goods,2265,2018-05-31
Imports of Goods,-5075,2018-05-31
Balance of trade in services,-494,2018-05-31
Balance on primary income,-783,2018-05-31
Balance on secondary income,2089,2018-05-31
Capital Account,24,2018-05-31
Disbursements (Govt.),729,2018-05-31
Amortization (Govt.),-1034,2018-05-31
Other flows in financial account,718,2018-05-31
Net errors and omissions,-340,2018-05-31
Exports of Goods,2014,2018-06-30
Imports of Goods,-5074,2018-06-30
Balance of trade in services,-568,2018-06-30
Balance on primary income,-463,2018-06-30
Balance on secondary income,2187,2018-06-30
Capital Account,47,2018-06-30
Disbursements (Govt.),921,2018-06-30
Amortization (Govt.),-240,2018-06-30
Other flows in financial account,1728,2018-06-30
Net errors and omissions,-204,2018-06-30
Exports of Goods,2013,2018-07-31
Imports of Goods,-5290,2018-07-31
Balance of trade in services,-741,2018-07-31
Balance on primary income,-392,2018-07-31
Balance on secondary income,2307,2018-07-31
Capital Account,20,2018-07-31
Disbursements (Govt.),657,2018-07-31
Amortization (Govt.),-254,2018-07-31
Other flows in financial account,2112,2018-07-31
Net errors and omissions,150,2018-07-31
Exports of Goods,2075,2018-08-31
Imports of Goods,-4606,2018-08-31
Balance of trade in services,-402,2018-08-31
Balance on primary income,-323,2018-08-31
Balance on secondary income,2447,2018-08-31
Capital Account,68,2018-08-31
Disbursements (Govt.),315,2018-08-31
Amortization (Govt.),-185,2018-08-31
Other flows in financial account,465,2018-08-31
Net errors and omissions,-6,2018-08-31
Exports of Goods,1805,2018-09-30
Imports of Goods,-4008,2018-09-30
Balance of trade in services,-269,2018-09-30
Balance on primary income,-353,2018-09-30
Balance on secondary income,1625,2018-09-30
Capital Account,10,2018-09-30
Disbursements (Govt.),283,2018-09-30
Amortization (Govt.),-937,2018-09-30
Other flows in financial account,297,2018-09-30
Net errors and omissions,297,2018-09-30
Exports of Goods,2061,2018-10-31
Imports of Goods,-4680,2018-10-31
Balance of trade in services,-333,2018-10-31
Balance on primary income,-501,2018-10-31
Balance on secondary income,2196,2018-10-31
Capital Account,4,2018-10-31
Disbursements (Govt.),414,2018-10-31
Amortization (Govt.),-202,2018-10-31
Other flows in financial account,187,2018-10-31
Net errors and omissions,62,2018-10-31
Exports of Goods,1898,2018-11-30
Imports of Goods,-4142,2018-11-30
Balance of trade in services,-392,2018-11-30
Balance on primary income,-456,2018-11-30
Balance on secondary income,1972,2018-11-30
Capital Account,13,2018-11-30
Disbursements (Govt.),294,2018-11-30
Amortization (Govt.),-639,2018-11-30
Other flows in financial account,1692,2018-11-30
Net errors and omissions,-308,2018-11-30
Exports of Goods,2013,2018-12-31
Imports of Goods,-4776,2018-12-31
Balance of trade in services,-478,2018-12-31
Balance on primary income,-534,2018-12-31
Balance on secondary income,1941,2018-12-31
Capital Account,18,2018-12-31
Disbursements (Govt.),411,2018-12-31
Amortization (Govt.),-336,2018-12-31
Other flows in financial account,1396,2018-12-31
Net errors and omissions,1,2018-12-31
Exports of Goods,2274,2019-01-31
Imports of Goods,-4285,2019-01-31
Balance of trade in services,-330,2019-01-31
Balance on primary income,-488,2019-01-31
Balance on secondary income,1974,2019-01-31
Capital Account,10,2019-01-31
Disbursements (Govt.),376,2019-01-31
Amortization (Govt.),-475,2019-01-31
Other flows in financial account,1894,2019-01-31
Net errors and omissions,15,2019-01-31
Exports of Goods,1875,2019-02-28
Imports of Goods,-3407,2019-02-28
Balance of trade in services,-256,2019-02-28
Balance on primary income,-288,2019-02-28
Balance on secondary income,1793,2019-02-28
Capital Account,5,2019-02-28
Disbursements (Govt.),247,2019-02-28
Amortization (Govt.),-199,2019-02-28
Other flows in financial account,128,2019-02-28
Net errors and omissions,9,2019-02-28
Exports of Goods,2037,2019-03-31
Imports of Goods,-4118,2019-03-31
Balance of trade in services,-287,2019-03-31
Balance on primary income,-400,2019-03-31
Balance on secondary income,1945,2019-03-31
Capital Account,11,2019-03-31
Disbursements (Govt.),2920,2019-03-31
Amortization (Govt.),-663,2019-03-31
Other flows in financial account,1155,2019-03-31
Net errors and omissions,-112,2019-03-31
Exports of Goods,2084,2019-04-30
Imports of Goods,-4135,2019-04-30
Balance of trade in services,-442,2019-04-30
Balance on primary income,-583,2019-04-30
Balance on secondary income,1911,2019-04-30
Capital Account,9,2019-04-30
Disbursements (Govt.),331,2019-04-30
Amortization (Govt.),-117,2019-04-30
Other flows in financial account,-696,2019-04-30
Net errors and omissions,-56,2019-04-30
Exports of Goods,2323,2019-05-31
Imports of Goods,-4384,2019-05-31
Balance of trade in services,-696,2019-05-31
Balance on primary income,-778,2019-05-31
Balance on secondary income,2531,2019-05-31
Capital Account,9,2019-05-31
Disbursements (Govt.),927,2019-05-31
Amortization (Govt.),-932,2019-05-31
Other flows in financial account,367,2019-05-31
Net errors and omissions,-174,2019-05-31
Exports of Goods,1799,2019-06-30
Imports of Goods,-4038,2019-06-30
Balance of trade in services,-344,2019-06-30
Balance on primary income,-514,2019-06-30
Balance on secondary income,2116,2019-06-30
Capital Account,52,2019-06-30
Disbursements (Govt.),1080,2019-06-30
Amortization (Govt.),-1043,2019-06-30
Other flows in financial account,489,2019-06-30
Net errors and omissions,64,2019-06-30
Exports of Goods,2217,2019-07-31
Imports of Goods,-4222,2019-07-31
Balance of trade in services,-428,2019-07-31
Balance on primary income,-548,2019-07-31
Balance on secondary income,2365,2019-07-31
Capital Account,41,2019-07-31
Disbursements (Govt.),1559,2019-07-31
Amortization (Govt.),-380,2019-07-31
Other flows in financial account,-107,2019-07-31
Net errors and omissions,254,2019-07-31
Exports of Goods,1896,2019-08-31
Imports of Goods,-3556,2019-08-31
Balance of trade in services,-531,2019-08-31
Balance on primary income,-287,2019-08-31
Balance on secondary income,1846,2019-08-31
Capital Account,46,2019-08-31
Disbursements (Govt.),954,2019-08-31
Amortization (Govt.),-208,2019-08-31
Other flows in financial account,327,2019-08-31
Net errors and omissions,53,2019-08-31
Exports of Goods,1881,2019-09-30
Imports of Goods,-3497,2019-09-30
Balance of trade in services,-219,2019-09-30
Balance on primary income,-534,2019-09-30
Balance on secondary income,1898,2019-09-30
Capital Account,26,2019-09-30
Disbursements (Govt.),501,2019-09-30
Amortization (Govt.),-1337,2019-09-30
Other flows in financial account,1002,2019-09-30
Net errors and omissions,66,2019-09-30
Exports of Goods,2191,2019-10-31
Imports of Goods,-3648,2019-10-31
Balance of trade in services,-192,2019-10-31
Balance on primary income,-579,2019-10-31
Balance on secondary income,2276,2019-10-31
Capital Account,37,2019-10-31
Disbursements (Govt.),382,2019-10-31
Amortization (Govt.),-358,2019-10-31
Other flows in financial account,250,2019-10-31
Net errors and omissions,-207,2019-10-31
Exports of Goods,2113,2019-11-30
Imports of Goods,-3762,2019-11-30
Balance of trade in services,-243,2019-11-30
Balance on primary income,-444,2019-11-30
Balance on secondary income,1925,2019-11-30
Capital Account,10,2019-11-30
Disbursements (Govt.),556,2019-11-30
Amortization (Govt.),-338,2019-11-30
Other flows in financial account,872,2019-11-30
Net errors and omissions,116,2019-11-30
Exports of Goods,2110,2019-12-31
Imports of Goods,-4629,2019-12-31
Balance of trade in services,-457,2019-12-31
Balance on primary income,-671,2019-12-31
Balance on secondary income,2282,2019-12-31
Capital Account,38,2019-12-31
Disbursements (Govt.),3212,2019-12-31
Amortization (Govt.),-205,2019-12-31
Other flows in financial account,463,2019-12-31
Net errors and omissions,176,2019-12-31
Exports of Goods,2056,2020-01-31
Imports of Goods,-3931,2020-01-31
Balance of trade in services,-206,2020-01-31
Balance on primary income,-453,2020-01-31
Balance on secondary income,1998,2020-01-31
Capital Account,5,2020-01-31
Disbursements (Govt.),358,2020-01-31
Amortization (Govt.),-260,2020-01-31
Other flows in financial account,1160,2020-01-31
Net errors and omissions,195,2020-01-31
Exports of Goods,1996,2020-02-29
Imports of Goods,-3581,2020-02-29
Balance of trade in services,-429,2020-02-29
Balance on primary income,-201,2020-02-29
Balance on secondary income,2001,2020-02-29
Capital Account,7,2020-02-29
Disbursements (Govt.),283,2020-02-29
Amortization (Govt.),-196,2020-02-29
Other flows in financial account,591,2020-02-29
Net errors and omissions,95,2020-02-29
Exports of Goods,1821,2020-03-31
Imports of Goods,-3310,2020-03-31
Balance of trade in services,-156,2020-03-31
Balance on primary income,-418,2020-03-31
Balance on secondary income,2113,2020-03-31
Capital Account,25,2020-03-31
Disbursements (Govt.),218,2020-03-31
Amortization (Govt.),-716,2020-03-31
Other flows in financial account,-1229,2020-03-31
Net errors and omissions,56,2020-03-31
Exports of Goods,1423,2020-04-30
Imports of Goods,-3144,2020-04-30
Balance of trade in services,-162,2020-04-30
Balance on primary income,-506,2020-04-30
Balance on secondary income,1879,2020-04-30
Capital Account,11,2020-04-30
Disbursements (Govt.),1894,2020-04-30
Amortization (Govt.),-451,2020-04-30
Other flows in financial account,62,2020-04-30
Net errors and omissions,138,2020-04-30
Exports of Goods,1259,2020-05-31
Imports of Goods,-2805,2020-05-31
Balance of trade in services,-26,2020-05-31
Balance on primary income,-190,2020-05-31
Balance on secondary income,2091,2020-05-31
Capital Account,10,2020-05-31
Disbursements (Govt.),89,2020-05-31
Amortization (Govt.),-1810,2020-05-31
Other flows in financial account,-254,2020-05-31
Net errors and omissions,-309,2020-05-31
Exports of Goods,1573,2020-06-30
Imports of Goods,-3560,2020-06-30
Balance of trade in services,-267,2020-06-30
Balance on primary income,-628,2020-06-30
Balance on secondary income,2761,2020-06-30
Capital Account,29,2020-06-30
Disbursements (Govt.),3175,2020-06-30
Amortization (Govt.),-1040,2020-06-30
Other flows in financial account,294,2020-06-30
Net errors and omissions,-483,2020-06-30
Exports of Goods,1887,2020-07-31
Imports of Goods,-3534,2020-07-31
Balance of trade in services,-351,2020-07-31
Balance on primary income,-650,2020-07-31
Balance on secondary income,3261,2020-07-31
Capital Account,4,2020-07-31
Disbursements (Govt.),798,2020-07-31
Amortization (Govt.),-390,2020-07-31
Other flows in financial account,-572,2020-07-31
Net errors and omissions,-212,2020-07-31
Exports of Goods,1515,2020-08-31
Imports of Goods,-3343,2020-08-31
Balance of trade in services,-173,2020-08-31
Balance on primary income,-212,2020-08-31
Balance on secondary income,2361,2020-08-31
Capital Account,30,2020-08-31
Disbursements (Govt.),497,2020-08-31
Amortization (Govt.),-277,2020-08-31
Other flows in financial account,-156,2020-08-31
Net errors and omissions,-235,2020-08-31
Exports of Goods,1947,2020-09-30
Imports of Goods,-3821,2020-09-30
Balance of trade in services,-139,2020-09-30
Balance on primary income,-486,2020-09-30
Balance on secondary income,2535,2020-09-30
Capital Account,39,2020-09-30
Disbursements (Govt.),559,2020-09-30
Amortization (Govt.),-776,2020-09-30
Other flows in financial account,-221,2020-09-30
Net errors and omissions,-60,2020-09-30
Exports of Goods,1969,2020-10-31
Imports of Goods,-3557,2020-10-31
Balance of trade in services,-274,2020-10-31
Balance on primary income,-397,2020-10-31
Balance on secondary income,2572,2020-10-31
Capital Account,5,2020-10-31
Disbursements (Govt.),341,2020-10-31
Amortization (Govt.),-596,2020-10-31
Other flows in financial account,-165,2020-10-31
Net errors and omissions,57,2020-10-31
Exports of Goods,2240,2020-11-30
Imports of Goods,-4225,2020-11-30
Balance of trade in services,-133,2020-11-30
Balance on primary income,-263,2020-11-30
Balance on secondary income,2690,2020-11-30
Capital Account,20,2020-11-30
Disbursements (Govt.),1227,2020-11-30
Amortization (Govt.),-399,2020-11-30
Other flows in financial account,-283,2020-11-30
Net errors and omissions,-53,2020-11-30
Exports of Goods,2255,2020-12-31
Imports of Goods,-5302,2020-12-31
Balance of trade in services,-277,2020-12-31
Balance on primary income,-510,2020-12-31
Balance on secondary income,2766,2020-12-31
Capital Account,29,2020-12-31
Disbursements (Govt.),1159,2020-12-31
Amortization (Govt.),-237,2020-12-31
Other flows in financial account,745,2020-12-31
Net errors and omissions,53,2020-12-31
Exports of Goods,2100,2021-01-31
Imports of Goods,-4412,2021-01-31
Balance of trade in services,-191,2021-01-31
Balance on primary income,-288,2021-01-31
Balance on secondary income,2571,2021-01-31
Capital Account,19,2021-01-31
Disbursements (Govt.),940,2021-01-31
Amortization (Govt.),-820,2021-01-31
Other flows in financial account,-356,2021-01-31
Net errors and omissions,-128,2021-01-31
Exports of Goods,2184,2021-02-28
Imports of Goods,-4476,2021-02-28
Balance of trade in services,-217,2021-02-28
Balance on primary income,-137,2021-02-28
Balance on secondary income,2609,2021-02-28
Capital Account,10,2021-02-28
Disbursements (Govt.),538,2021-02-28
Amortization (Govt.),-503,2021-02-28
Other flows in financial account,206,2021-02-28
Net errors and omissions,-167,2021-02-28
Exports of Goods,2616,2021-03-31
Imports of Goods,-5392,2021-03-31
Balance of trade in services,-188,2021-03-31
Balance on primary income,-375,2021-03-31
Balance on secondary income,2970,2021-03-31
Capital Account,18,2021-03-31
Disbursements (Govt.),668,2021-03-31
Amortization (Govt.),-370,2021-03-31
Other flows in financial account,747,2021-03-31
Net errors and omissions,79,2021-03-31
Exports of Goods,2304,2021-04-30
Imports of Goods,-4975,2021-04-30
Balance of trade in services,-148,2021-04-30
Balance on primary income,-402,2021-04-30
Balance on secondary income,2953,2021-04-30
Capital Account,20,2021-04-30
Disbursements (Govt.),262,2021-04-30
Amortization (Govt.),-1155,2021-04-30
Other flows in financial account,3106,2021-04-30
Net errors and omissions,62,2021-04-30
Exports of Goods,2130,2021-05-31
Imports of Goods,-4934,2021-05-31
Balance of trade in services,-132,2021-05-31
Balance on primary income,-304,2021-05-31
Balance on secondary income,2600,2021-05-31
Capital Account,8,2021-05-31
Disbursements (Govt.),722,2021-05-31
Amortization (Govt.),-75,2021-05-31
Other flows in financial account,567,2021-05-31
Net errors and omissions,-211,2021-05-31
Exports of Goods,2492,2021-06-30
Imports of Goods,-6302,2021-06-30
Balance of trade in services,-293,2021-06-30
Balance on primary income,-376,2021-06-30
Balance on secondary income,2842,2021-06-30
Capital Account,22,2021-06-30
Disbursements (Govt.),2097,2021-06-30
Amortization (Govt.),-257,2021-06-30
Other flows in financial account,1197,2021-06-30
Net errors and omissions,196,2021-06-30
Exports of Goods,2234,2021-07-31
Imports of Goods,-5278,2021-07-31
Balance of trade in services,-394,2021-07-31
Balance on primary income,-284,2021-07-31
Balance on secondary income,2863,2021-07-31
Capital Account,19,2021-07-31
Disbursements (Govt.),536,2021-07-31
Amortization (Govt.),-289,2021-07-31
Other flows in financial account,1005,2021-07-31
Net errors and omissions,121,2021-07-31
Exports of Goods,2339,2021-08-31
Imports of Goods,-5869,2021-08-31
Balance of trade in services,-508,2021-08-31
Balance on primary income,-371,2021-08-31
Balance on secondary income,2870,2021-08-31
Capital Account,8,2021-08-31
Disbursements (Govt.),772,2021-08-31
Amortization (Govt.),-173,2021-08-31
Other flows in financial account,3256,2021-08-31
Net errors and omissions,-15,2021-08-31
Exports of Goods,2627,2021-09-30
Imports of Goods,-5951,2021-09-30
Balance of trade in services,-324,2021-09-30
Balance on primary income,-334,2021-09-30
Balance on secondary income,2820,2021-09-30
Capital Account,33,2021-09-30
Disbursements (Govt.),793,2021-09-30
Amortization (Govt.),-367,2021-09-30
Other flows in financial account,334,2021-09-30
Net errors and omissions,-309,2021-09-30
Exports of Goods,2375,2021-10-31
Imports of Goods,-5776,2021-10-31
Balance of trade in services,-544,2021-10-31
Balance on primary income,-502,2021-10-31
Balance on secondary income,2722,2021-10-31
Capital Account,10,2021-10-31
Disbursements (Govt.),682,2021-10-31
Amortization (Govt.),-365,2021-10-31
Other flows in financial account,-417,2021-10-31
Net errors and omissions,-282,2021-10-31
Exports of Goods,2737,2021-11-30
Imports of Goods,-6252,2021-11-30
Balance of trade in services,-546,2021-11-30
Balance on primary income,-470,2021-11-30
Balance on secondary income,2557,2021-11-30
Capital Account,10,2021-11-30
Disbursements (Govt.),794,2021-11-30
Amortization (Govt.),-682,2021-11-30
Other flows in financial account,422,2021-11-30
Net errors and omissions,179,2021-11-30
Exports of Goods,2930,2021-12-31
Imports of Goods,-6310,2021-12-31
Balance of trade in services,-558,2021-12-31
Balance on primary income,-545,2021-12-31
Balance on secondary income,2630,2021-12-31
Capital Account,36,2021-12-31
Disbursements (Govt.),1396,2021-12-31
Amortization (Govt.),-810,2021-12-31
Other flows in financial account,3183,2021-12-31
Net errors and omissions,20,2021-12-31
Exports of Goods,2503,2022-01-31
Imports of Goods,-6130,2022-01-31
Balance of trade in services,-590,2022-01-31
Balance on primary income,-483,2022-01-31
Balance on secondary income,2320,2022-01-31
Capital Account,20,2022-01-31
Disbursements (Govt.),1040,2022-01-31
Amortization (Govt.),-686,2022-01-31
Other flows in financial account,1210,2022-01-31
Net errors and omissions,-291,2022-01-31
Exports of Goods,2890,2022-02-28
Imports of Goods,-5066,2022-02-28
Balance of trade in services,-408,2022-02-28
Balance on primary income,-273,2022-02-28
Balance on secondary income,2316,2022-02-28
Capital Account,9,2022-02-28
Disbursements (Govt.),1200,2022-02-28
Amortization (Govt.),-154,2022-02-28
Other flows in financial account,-611,2022-02-28
Net errors and omissions,-107,2022-02-28
Exports of Goods,3071,2022-03-31
Imports of Goods,-6114,2022-03-31
Balance of trade in services,-394,2022-03-31
Balance on primary income,-535,2022-03-31
Balance on secondary income,2991,2022-03-31
Capital Account,21,2022-03-31
Disbursements (Govt.),570,2022-03-31
Amortization (Govt.),-2879,2022-03-31
Other flows in financial account,-1360,2022-03-31
Net errors and omissions,20,2022-03-31
Exports of Goods,3152,2022-04-30
Imports of Goods,-5959,2022-04-30
Balance of trade in services,-446,2022-04-30
Balance on primary income,-614,2022-04-30
Balance on secondary income,3227,2022-04-30
Capital Account,16,2022-04-30
Disbursements (Govt.),249,2022-04-30
Amortization (Govt.),-572,2022-04-30
Other flows in financial account,63,2022-04-30
Net errors and omissions,176,2022-04-30
Exports of Goods,2505,2022-05-31
Imports of Goods,-5634,2022-05-31
Balance of trade in services,-463,2022-05-31
Balance on primary income,-356,2022-05-31
Balance on secondary income,2442,2022-05-31
Capital Account,5,2022-05-31
Disbursements (Govt.),309,2022-05-31
Amortization (Govt.),-823,2022-05-31
Other flows in financial account,779,2022-05-31
Net errors and omissions,106,2022-05-31
Exports of Goods,3130,2022-06-30
Imports of Goods,-7204,2022-06-30
Balance of trade in services,-665,2022-06-30
Balance on primary income,-481,2022-06-30
Balance on secondary income,2899,2022-06-30
Capital Account,18,2022-06-30
Disbursements (Govt.),2915,2022-06-30
Amortization (Govt.),-543,2022-06-30
Other flows in financial account,484,2022-06-30
Net errors and omissions,79,2022-06-30
Exports of Goods,2217,2022-07-31
Imports of Goods,-5517,2022-07-31
Balance of trade in services,-32,2022-07-31
Balance on primary income,-462,2022-07-31
Balance on secondary income,2533,2022-07-31
Capital Account,7,2022-07-31
Disbursements (Govt.),180,2022-07-31
Amortization (Govt.),-748,2022-07-31
Other flows in financial account,-104,2022-07-31
Net errors and omissions,161,2022-07-31
Exports of Goods,2734,2022-08-31
Imports of Goods,-5958,2022-08-31
Balance of trade in services,-137,2022-08-31
Balance on primary income,-188,2022-08-31
Balance on secondary income,2775,2022-08-31
Capital Account,10,2022-08-31
Disbursements (Govt.),1412,2022-08-31
Amortization (Govt.),-533,2022-08-31
Other flows in financial account,192,2022-08-31
Net errors and omissions,93,2022-08-31
Exports of Goods,2440,2022-09-30
Imports of Goods,-4905,2022-09-30
Balance of trade in services,-112,2022-09-30
Balance on primary income,-378,2022-09-30
Balance on secondary income,2544,2022-09-30
Capital Account,17,2022-09-30
Disbursements (Govt.),614,2022-09-30
Amortization (Govt.),-580,2022-09-30
Other flows in financial account,-216,2022-09-30
Net errors and omissions,-77,2022-09-30
Exports of Goods,2282,2022-10-31
Imports of Goods,-4654,2022-10-31
Balance of trade in services,-64,2022-10-31
Balance on primary income,-505,2022-10-31
Balance on secondary income,2114,2022-10-31
Capital Account,18,2022-10-31
Disbursements (Govt.),1945,2022-10-31
Amortization (Govt.),-662,2022-10-31
Other flows in financial account,451,2022-10-31
Net errors and omissions,248,2022-10-31
Exports of Goods,2249,2022-11-30
Imports of Goods,-4343,2022-11-30
Balance of trade in services,93,2022-11-30
Balance on primary income,-432,2022-11-30
Balance on secondary income,2291,2022-11-30
Capital Account,7,2022-11-30
Disbursements (Govt.),774,2022-11-30
Amortization (Govt.),-1556,2022-11-30
Other flows in financial account,-122,2022-11-30
Net errors and omissions,-108,2022-11-30
Exports of Goods,2310,2022-12-31
Imports of Goods,-4265,2022-12-31
Balance of trade in services,68,2022-12-31
Balance on primary income,-674,2022-12-31
Balance on secondary income,2216,2022-12-31
Capital Account,258,2022-12-31
Disbursements (Govt.),432,2022-12-31
Amortization (Govt.),-1342,2022-12-31
Other flows in financial account,-1129,2022-12-31
Net errors and omissions,-166,2022-12-31
Exports of Goods,2219,2023-01-31
Imports of Goods,-3929,2023-01-31
Balance of trade in services,18,2023-01-31
Balance on primary income,-509,2023-01-31
Balance on secondary income,1971,2023-01-31
Capital Account,11,2023-01-31
Disbursements (Govt.),208,2023-01-31
Amortization (Govt.),-2342,2023-01-31
Other flows in financial account,137,2023-01-31
Net errors and omissions,-39,2023-01-31
Exports of Goods,2210,2023-02-28
Imports of Goods,-3933,2023-02-28
Balance of trade in services,-31,2023-02-28
Balance on primary income,-299,2023-02-28
Balance on secondary income,2017,2023-02-28
Capital Account,9,2023-02-28
Disbursements (Govt.),1192,2023-02-28
Amortization (Govt.),-486,2023-02-28
Other flows in financial account,308,2023-02-28
Net errors and omissions,-55,2023-02-28
Exports of Goods,2438,2023-03-31
Imports of Goods,-3991,2023-03-31
Balance of trade in services,-25,2023-03-31
Balance on primary income,-447,2023-03-31
Balance on secondary income,2775,2023-03-31
Capital Account,11,2023-03-31
Disbursements (Govt.),273,2023-03-31
Amortization (Govt.),-557,2023-03-31
Other flows in financial account,79,2023-03-31
Net errors and omissions,80,2023-03-31
Exports of Goods,2101,2023-04-30
Imports of Goods,-3677,2023-04-30
Balance of trade in services,-140,2023-04-30
Balance on primary income,-552,2023-04-30
Balance on secondary income,2346,2023-04-30
Capital Account,10,2023-04-30
Disbursements (Govt.),283,2023-04-30
Amortization (Govt.),-233,2023-04-30
Other flows in financial account,261,2023-04-30
Net errors and omissions,-14,2023-04-30
Exports of Goods,2594,2023-05-31
Imports of Goods,-3788,2023-05-31
Balance of trade in services,-245,2023-05-31
Balance on primary income,-534,2023-05-31
Balance on secondary income,2228,2023-05-31
Capital Account,6,2023-05-31
Disbursements (Govt.),406,2023-05-31
Amortization (Govt.),-745,2023-05-31
Other flows in financial account,-305,2023-05-31
Net errors and omissions,-362,2023-05-31
