series_name,area,type,type_of_index,date,value
National CPI (YoY),National,Others,CPI,2023-05-31,38
Urban CPI (YoY),Urban,Others,CPI,2023-05-31,35.1
Rural CPI (YoY),rural,Others,CPI,2023-05-31,42.2
Urban Food CPI (YoY),Urban,Food,CPI,2023-05-31,48.1
Rural Food CPI (YoY),rural,Food,CPI,2023-05-31,52.4
Urban Non-Food CPI (YoY),Urban,Non-Food,CPI,2023-05-31,26.6
Rural Non-Food CPI (YoY),rural,Non-Food,CPI,2023-05-31,32.5
WPI (YoY),National,Others,WPI,2023-05-31,32.8
WPI Food (YoY),National,Food,WPI,2023-05-31,47.7
WPI Non-Food (YoY),National,Non-Food,WPI,2023-05-31,25.6
SPI (YoY),National,Others,SPI,2023-05-31,47
Urban NFNE (YoY),Urban,NFNE,CPI,2023-05-31,20
Rural NFNE (YoY),rural,NFNE,CPI,2023-05-31,26.9
National CPI (YoY),National,Others,CPI,2023-04-30,36.4
Urban CPI (YoY),Urban,Others,CPI,2023-04-30,33.5
Rural CPI (YoY),rural,Others,CPI,2023-04-30,40.7
Urban Food CPI (YoY),Urban,Food,CPI,2023-04-30,46.8
Rural Food CPI (YoY),rural,Food,CPI,2023-04-30,52.2
Urban Non-Food CPI (YoY),Urban,Non-Food,CPI,2023-04-30,24.9
Rural Non-Food CPI (YoY),rural,Non-Food,CPI,2023-04-30,29.9
WPI (YoY),National,Others,WPI,2023-04-30,33.4
WPI Food (YoY),National,Food,WPI,2023-04-30,44.4
WPI Non-Food (YoY),National,Non-Food,WPI,2023-04-30,28.6
SPI (YoY),National,Others,SPI,2023-04-30,45.9
Urban NFNE (YoY),Urban,NFNE,CPI,2023-04-30,19.5
Rural NFNE (YoY),rural,NFNE,CPI,2023-04-30,24.9
National CPI (YoY),National,Others,CPI,2023-03-31,35.4
Urban CPI (YoY),Urban,Others,CPI,2023-03-31,33
Rural CPI (YoY),rural,Others,CPI,2023-03-31,38.9
Urban Food CPI (YoY),Urban,Food,CPI,2023-03-31,47.1
Rural Food CPI (YoY),rural,Food,CPI,2023-03-31,50.2
Urban Non-Food CPI (YoY),Urban,Non-Food,CPI,2023-03-31,24.1
Rural Non-Food CPI (YoY),rural,Non-Food,CPI,2023-03-31,28.5
WPI (YoY),National,Others,WPI,2023-03-31,37.5
WPI Food (YoY),National,Food,WPI,2023-03-31,45.2
WPI Non-Food (YoY),National,Non-Food,WPI,2023-03-31,33.7
SPI (YoY),National,Others,SPI,2023-03-31,44
Urban NFNE (YoY),Urban,NFNE,CPI,2023-03-31,18.6
Rural NFNE (YoY),rural,NFNE,CPI,2023-03-31,23.1
National CPI (YoY),National,Others,CPI,2023-02-28,31.5
Urban CPI (YoY),Urban,Others,CPI,2023-02-28,28.8
Rural CPI (YoY),rural,Others,CPI,2023-02-28,35.6
Urban Food CPI (YoY),Urban,Food,CPI,2023-02-28,41.9
Rural Food CPI (YoY),rural,Food,CPI,2023-02-28,47
Urban Non-Food CPI (YoY),Urban,Non-Food,CPI,2023-02-28,20.8
Rural Non-Food CPI (YoY),rural,Non-Food,CPI,2023-02-28,25.3
WPI (YoY),National,Others,WPI,2023-02-28,36.5
WPI Food (YoY),National,Food,WPI,2023-02-28,40.7
WPI Non-Food (YoY),National,Non-Food,WPI,2023-02-28,34.3
SPI (YoY),National,Others,SPI,2023-02-28,37.1
Urban NFNE (YoY),Urban,NFNE,CPI,2023-02-28,17.1
Rural NFNE (YoY),rural,NFNE,CPI,2023-02-28,21.5
National CPI (YoY),National,Others,CPI,2023-01-31,27.6
Urban CPI (YoY),Urban,Others,CPI,2023-01-31,24.4
Rural CPI (YoY),rural,Others,CPI,2023-01-31,32.3
Urban Food CPI (YoY),Urban,Food,CPI,2023-01-31,39
Rural Food CPI (YoY),rural,Food,CPI,2023-01-31,45.2
Urban Non-Food CPI (YoY),Urban,Non-Food,CPI,2023-01-31,15.6
Rural Non-Food CPI (YoY),rural,Non-Food,CPI,2023-01-31,20.9
WPI (YoY),National,Others,WPI,2023-01-31,28.5
WPI Food (YoY),National,Food,WPI,2023-01-31,35.6
WPI Non-Food (YoY),National,Non-Food,WPI,2023-01-31,24.9
SPI (YoY),National,Others,SPI,2023-01-31,31.7
Urban NFNE (YoY),Urban,NFNE,CPI,2023-01-31,15.4
Rural NFNE (YoY),rural,NFNE,CPI,2023-01-31,19.4
National CPI (YoY),National,Others,CPI,2022-12-31,24.5
Urban CPI (YoY),Urban,Others,CPI,2022-12-31,21.6
Rural CPI (YoY),rural,Others,CPI,2022-12-31,28.8
Urban Food CPI (YoY),Urban,Food,CPI,2022-12-31,32.7
Rural Food CPI (YoY),rural,Food,CPI,2022-12-31,37.9
Urban Non-Food CPI (YoY),Urban,Non-Food,CPI,2022-12-31,14.8
Rural Non-Food CPI (YoY),rural,Non-Food,CPI,2022-12-31,20.7
WPI (YoY),National,Others,WPI,2022-12-31,27.11
WPI Food (YoY),National,Food,WPI,2022-12-31,31
WPI Non-Food (YoY),National,Non-Food,WPI,2022-12-31,25.2
SPI (YoY),National,Others,SPI,2022-12-31,29.7
Urban NFNE (YoY),Urban,NFNE,CPI,2022-12-31,14.7
Rural NFNE (YoY),rural,NFNE,CPI,2022-12-31,19
National CPI (YoY),National,Others,CPI,2022-11-30,23.8
Urban CPI (YoY),Urban,Others,CPI,2022-11-30,21.6
Rural CPI (YoY),rural,Others,CPI,2022-11-30,27.2
Urban Food CPI (YoY),Urban,Food,CPI,2022-11-30,29.7
Rural Food CPI (YoY),rural,Food,CPI,2022-11-30,33.5
Urban Non-Food CPI (YoY),Urban,Non-Food,CPI,2022-11-30,16.4
Rural Non-Food CPI (YoY),rural,Non-Food,CPI,2022-11-30,21.4
WPI (YoY),National,Others,WPI,2022-11-30,27.7
WPI Food (YoY),National,Food,WPI,2022-11-30,27.7
WPI Non-Food (YoY),National,Non-Food,WPI,2022-11-30,27.7
SPI (YoY),National,Others,SPI,2022-11-30,29.7
Urban NFNE (YoY),Urban,NFNE,CPI,2022-11-30,14.6
Rural NFNE (YoY),rural,NFNE,CPI,2022-11-30,18.5
National CPI (YoY),National,Others,CPI,2022-10-31,26.6
Urban CPI (YoY),Urban,Others,CPI,2022-10-31,24.6
Rural CPI (YoY),rural,Others,CPI,2022-10-31,29.5
Urban Food CPI (YoY),Urban,Food,CPI,2022-10-31,34.7
Rural Food CPI (YoY),rural,Food,CPI,2022-10-31,37.2
Urban Non-Food CPI (YoY),Urban,Non-Food,CPI,2022-10-31,18.2
Rural Non-Food CPI (YoY),rural,Non-Food,CPI,2022-10-31,22.4
WPI (YoY),National,Others,WPI,2022-10-31,32.6
WPI Food (YoY),National,Food,WPI,2022-10-31,32
WPI Non-Food (YoY),National,Non-Food,WPI,2022-10-31,32.9
SPI (YoY),National,Others,SPI,2022-10-31,28.6
Urban NFNE (YoY),Urban,NFNE,CPI,2022-10-31,14.9
Rural NFNE (YoY),rural,NFNE,CPI,2022-10-31,18.2
National CPI (YoY),National,Others,CPI,2022-09-30,23.2
Urban CPI (YoY),Urban,Others,CPI,2022-09-30,21.2
Rural CPI (YoY),rural,Others,CPI,2022-09-30,26.1
Urban Food CPI (YoY),Urban,Food,CPI,2022-09-30,30.8
Rural Food CPI (YoY),rural,Food,CPI,2022-09-30,32.7
Urban Non-Food CPI (YoY),Urban,Non-Food,CPI,2022-09-30,15.2
Rural Non-Food CPI (YoY),rural,Non-Food,CPI,2022-09-30,20.1
WPI (YoY),National,Others,WPI,2022-09-30,38.87
WPI Food (YoY),National,Food,WPI,2022-09-30,29.6
WPI Non-Food (YoY),National,Non-Food,WPI,2022-09-30,44
SPI (YoY),National,Others,SPI,2022-09-30,35.9
Urban NFNE (YoY),Urban,NFNE,CPI,2022-09-30,14.4
Rural NFNE (YoY),rural,NFNE,CPI,2022-09-30,17.6
National CPI (YoY),National,Others,CPI,2022-08-31,27.3
Urban CPI (YoY),Urban,Others,CPI,2022-08-31,26.2
Rural CPI (YoY),rural,Others,CPI,2022-08-31,28.8
Urban Food CPI (YoY),Urban,Food,CPI,2022-08-31,28.8
Rural Food CPI (YoY),rural,Food,CPI,2022-08-31,30.2
Urban Non-Food CPI (YoY),Urban,Non-Food,CPI,2022-08-31,24.7
Rural Non-Food CPI (YoY),rural,Non-Food,CPI,2022-08-31,27.5
WPI (YoY),National,Others,WPI,2022-08-31,41.2
WPI Food (YoY),National,Food,WPI,2022-08-31,26.4
WPI Non-Food (YoY),National,Non-Food,WPI,2022-08-31,49.6
SPI (YoY),National,Others,SPI,2022-08-31,40.6
Urban NFNE (YoY),Urban,NFNE,CPI,2022-08-31,13.8
Rural NFNE (YoY),rural,NFNE,CPI,2022-08-31,16.5
National CPI (YoY),National,Others,CPI,2022-07-31,24.9
Urban CPI (YoY),Urban,Others,CPI,2022-07-31,23.6
Rural CPI (YoY),rural,Others,CPI,2022-07-31,26.9
Urban Food CPI (YoY),Urban,Food,CPI,2022-07-31,27.4
Rural Food CPI (YoY),rural,Food,CPI,2022-07-31,29.6
Urban Non-Food CPI (YoY),Urban,Non-Food,CPI,2022-07-31,21.3
Rural Non-Food CPI (YoY),rural,Non-Food,CPI,2022-07-31,24.5
WPI (YoY),National,Others,WPI,2022-07-31,38.5
WPI Food (YoY),National,Food,WPI,2022-07-31,24.2
WPI Non-Food (YoY),National,Non-Food,WPI,2022-07-31,46.7
SPI (YoY),National,Others,SPI,2022-07-31,34.3
Urban NFNE (YoY),Urban,NFNE,CPI,2022-07-31,12
Rural NFNE (YoY),rural,NFNE,CPI,2022-07-31,14.6
National CPI (YoY),National,Others,CPI,2022-06-30,21.3
Urban CPI (YoY),Urban,Others,CPI,2022-06-30,19.8
Rural CPI (YoY),rural,Others,CPI,2022-06-30,23.6
Urban Food CPI (YoY),Urban,Food,CPI,2022-06-30,24
Rural Food CPI (YoY),rural,Food,CPI,2022-06-30,27
Urban Non-Food CPI (YoY),Urban,Non-Food,CPI,2022-06-30,17.3
Rural Non-Food CPI (YoY),rural,Non-Food,CPI,2022-06-30,20.4
WPI (YoY),National,Others,WPI,2022-06-30,38.9
WPI Food (YoY),National,Food,WPI,2022-06-30,23.6
WPI Non-Food (YoY),National,Non-Food,WPI,2022-06-30,47.8
SPI (YoY),National,Others,SPI,2022-06-30,26.5
Urban NFNE (YoY),Urban,NFNE,CPI,2022-06-30,11.5
Rural NFNE (YoY),rural,NFNE,CPI,2022-06-30,13.6
National CPI (YoY),National,Others,CPI,2022-05-31,13.8
Urban CPI (YoY),Urban,Others,CPI,2022-05-31,12.4
Rural CPI (YoY),rural,Others,CPI,2022-05-31,15.9
Urban Food CPI (YoY),Urban,Food,CPI,2022-05-31,15.5
Rural Food CPI (YoY),rural,Food,CPI,2022-05-31,19
Urban Non-Food CPI (YoY),Urban,Non-Food,CPI,2022-05-31,10.4
Rural Non-Food CPI (YoY),rural,Non-Food,CPI,2022-05-31,13.1
WPI (YoY),National,Others,WPI,2022-05-31,29.6
WPI Food (YoY),National,Food,WPI,2022-05-31,13.9
WPI Non-Food (YoY),National,Non-Food,WPI,2022-05-31,38.9
SPI (YoY),National,Others,SPI,2022-05-31,16.1
Urban NFNE (YoY),Urban,NFNE,CPI,2022-05-31,9.7
Rural NFNE (YoY),rural,NFNE,CPI,2022-05-31,11.5
National CPI (YoY),National,Others,CPI,2022-04-30,13.37790337
Urban CPI (YoY),Urban,Others,CPI,2022-04-30,12.22827962
Rural CPI (YoY),rural,Others,CPI,2022-04-30,15.09252253
Urban Food CPI (YoY),Urban,Food,CPI,2022-04-30,15.57495405
Rural Food CPI (YoY),rural,Food,CPI,2022-04-30,17.67929462
Urban Non-Food CPI (YoY),Urban,Non-Food,CPI,2022-04-30,10.16212917
Rural Non-Food CPI (YoY),rural,Non-Food,CPI,2022-04-30,12.76202302
WPI (YoY),National,Others,WPI,2022-04-30,28.14677767
WPI Food (YoY),National,Food,WPI,2022-04-30,15.27839469
WPI Non-Food (YoY),National,Non-Food,WPI,2022-04-30,35.64707452
SPI (YoY),National,Others,SPI,2022-04-30,16.49777057
Urban NFNE (YoY),Urban,NFNE,CPI,2022-04-30,9.094977694
Rural NFNE (YoY),rural,NFNE,CPI,2022-04-30,10.89113457
National CPI (YoY),National,Others,CPI,2022-03-31,12.7
Urban CPI (YoY),Urban,Others,CPI,2022-03-31,11.9
Rural CPI (YoY),rural,Others,CPI,2022-03-31,13.9
Urban Food CPI (YoY),Urban,Food,CPI,2022-03-31,14.5
Rural Food CPI (YoY),rural,Food,CPI,2022-03-31,15.5
Urban Non-Food CPI (YoY),Urban,Non-Food,CPI,2022-03-31,10.4
Rural Non-Food CPI (YoY),rural,Non-Food,CPI,2022-03-31,12.5
WPI (YoY),National,Others,WPI,2022-03-31,23.8
WPI Food (YoY),National,Food,WPI,2022-03-31,14.3
WPI Non-Food (YoY),National,Non-Food,WPI,2022-03-31,29.1
SPI (YoY),National,Others,SPI,2022-03-31,15.8
Urban NFNE (YoY),Urban,NFNE,CPI,2022-03-31,8.9
Rural NFNE (YoY),rural,NFNE,CPI,2022-03-31,10.3
National CPI (YoY),National,Others,CPI,2022-02-28,12.24404221
Urban CPI (YoY),Urban,Others,CPI,2022-02-28,11.51391908
Rural CPI (YoY),rural,Others,CPI,2022-02-28,13.32916145
Urban Food CPI (YoY),Urban,Food,CPI,2022-02-28,14.32278256
Rural Food CPI (YoY),rural,Food,CPI,2022-02-28,14.62106708
Urban Non-Food CPI (YoY),Urban,Non-Food,CPI,2022-02-28,9.871424258
Rural Non-Food CPI (YoY),rural,Non-Food,CPI,2022-02-28,12.18652878
WPI (YoY),National,Others,WPI,2022-02-28,23.61376673
WPI Food (YoY),National,Food,WPI,2022-02-28,12.51471242
WPI Non-Food (YoY),National,Non-Food,WPI,2022-02-28,30.08425159
SPI (YoY),National,Others,SPI,2022-02-28,18.13052866
Urban NFNE (YoY),Urban,NFNE,CPI,2022-02-28,7.761835842
Rural NFNE (YoY),rural,NFNE,CPI,2022-02-28,9.430108695
National CPI (YoY),National,Others,CPI,2022-01-31,12.96243597
Urban CPI (YoY),Urban,Others,CPI,2022-01-31,12.9867336
Rural CPI (YoY),rural,Others,CPI,2022-01-31,12.92976165
Urban Food CPI (YoY),Urban,Food,CPI,2022-01-31,13.2634617
Rural Food CPI (YoY),rural,Food,CPI,2022-01-31,11.83600016
Urban Non-Food CPI (YoY),Urban,Non-Food,CPI,2022-01-31,12.81535646
Rural Non-Food CPI (YoY),rural,Non-Food,CPI,2022-01-31,13.90946528
WPI (YoY),National,Others,WPI,2022-01-31,23.95623005
WPI Food (YoY),National,Food,WPI,2022-01-31,12.49035943
WPI Non-Food (YoY),National,Non-Food,WPI,2022-01-31,30.72172798
SPI (YoY),National,Others,SPI,2022-01-31,19.51027984
Urban NFNE (YoY),Urban,NFNE,CPI,2022-01-31,8.18691732
Rural NFNE (YoY),rural,NFNE,CPI,2022-01-31,8.985291154
National CPI (YoY),National,Others,CPI,2021-12-31,12.28169814
Urban CPI (YoY),Urban,Others,CPI,2021-12-31,12.73716618
Rural CPI (YoY),rural,Others,CPI,2021-12-31,11.60883281
Urban Food CPI (YoY),Urban,Food,CPI,2021-12-31,11.69150848
Rural Food CPI (YoY),rural,Food,CPI,2021-12-31,8.979989165
Urban Non-Food CPI (YoY),Urban,Non-Food,CPI,2021-12-31,13.38303456
Rural Non-Food CPI (YoY),rural,Non-Food,CPI,2021-12-31,14.04522123
WPI (YoY),National,Others,WPI,2021-12-31,26.23673142
WPI Food (YoY),National,Food,WPI,2021-12-31,11.68306634
WPI Non-Food (YoY),National,Non-Food,WPI,2021-12-31,35.22286536
SPI (YoY),National,Others,SPI,2021-12-31,19.27068524
Urban NFNE (YoY),Urban,NFNE,CPI,2021-12-31,8.314016152
Rural NFNE (YoY),rural,NFNE,CPI,2021-12-31,8.862201023
National CPI (YoY),National,Others,CPI,2021-11-30,11.5
Urban CPI (YoY),Urban,Others,CPI,2021-11-30,12
Rural CPI (YoY),rural,Others,CPI,2021-11-30,10.9
Urban Food CPI (YoY),Urban,Food,CPI,2021-11-30,11.9
Rural Food CPI (YoY),rural,Food,CPI,2021-11-30,8.6
Urban Non-Food CPI (YoY),Urban,Non-Food,CPI,2021-11-30,12
Rural Non-Food CPI (YoY),rural,Non-Food,CPI,2021-11-30,13
WPI (YoY),National,Others,WPI,2021-11-30,27
WPI Food (YoY),National,Food,WPI,2021-11-30,11.3
WPI Non-Food (YoY),National,Non-Food,WPI,2021-11-30,36.9
SPI (YoY),National,Others,SPI,2021-11-30,17.4
Urban NFNE (YoY),Urban,NFNE,CPI,2021-11-30,7.6
Rural NFNE (YoY),rural,NFNE,CPI,2021-11-30,8.2
National CPI (YoY),National,Others,CPI,2021-10-31,9.2
Urban CPI (YoY),Urban,Others,CPI,2021-10-31,9.6
Rural CPI (YoY),rural,Others,CPI,2021-10-31,8.7
Urban Food CPI (YoY),Urban,Food,CPI,2021-10-31,9.4
Rural Food CPI (YoY),rural,Food,CPI,2021-10-31,7.2
Urban Non-Food CPI (YoY),Urban,Non-Food,CPI,2021-10-31,9.7
Rural Non-Food CPI (YoY),rural,Non-Food,CPI,2021-10-31,10
WPI (YoY),National,Others,WPI,2021-10-31,21.2
WPI Food (YoY),National,Food,WPI,2021-10-31,8.8
WPI Non-Food (YoY),National,Non-Food,WPI,2021-10-31,29
SPI (YoY),National,Others,SPI,2021-10-31,14
Urban NFNE (YoY),Urban,NFNE,CPI,2021-10-31,6.7
Rural NFNE (YoY),rural,NFNE,CPI,2021-10-31,6.7
National CPI (YoY),National,Others,CPI,2021-09-30,8.979178716
Urban CPI (YoY),Urban,Others,CPI,2021-09-30,9.125281757
Rural CPI (YoY),rural,Others,CPI,2021-09-30,8.766396674
Urban Food CPI (YoY),Urban,Food,CPI,2021-09-30,10.76619621
Rural Food CPI (YoY),rural,Food,CPI,2021-09-30,9.07112715
Urban Non-Food CPI (YoY),Urban,Non-Food,CPI,2021-09-30,8.130201041
Rural Non-Food CPI (YoY),rural,Non-Food,CPI,2021-09-30,8.479111692
WPI (YoY),National,Others,WPI,2021-09-30,19.60677226
WPI Food (YoY),National,Food,WPI,2021-09-30,10.67245006
WPI Non-Food (YoY),National,Non-Food,WPI,2021-09-30,25.1972368
SPI (YoY),National,Others,SPI,2021-09-30,13.7915937
Urban NFNE (YoY),Urban,NFNE,CPI,2021-09-30,6.434506291
Rural NFNE (YoY),rural,NFNE,CPI,2021-09-30,6.239550286
National CPI (YoY),National,Others,CPI,2021-08-31,8.353519783
Urban CPI (YoY),Urban,Others,CPI,2021-08-31,8.319835076
Rural CPI (YoY),rural,Others,CPI,2021-08-31,8.403975446
Urban Food CPI (YoY),Urban,Food,CPI,2021-08-31,10.2035209
Rural Food CPI (YoY),rural,Food,CPI,2021-08-31,9.131961755
Urban Non-Food CPI (YoY),Urban,Non-Food,CPI,2021-08-31,7.204903696
Rural Non-Food CPI (YoY),rural,Non-Food,CPI,2021-08-31,7.749456143
WPI (YoY),National,Others,WPI,2021-08-31,17.1495585
WPI Food (YoY),National,Food,WPI,2021-08-31,10.81574857
WPI Non-Food (YoY),National,Non-Food,WPI,2021-08-31,21.019808
SPI (YoY),National,Others,SPI,2021-08-31,12.66998588
Urban NFNE (YoY),Urban,NFNE,CPI,2021-08-31,6.345264453
Rural NFNE (YoY),rural,NFNE,CPI,2021-08-31,6.208857108
National CPI (YoY),National,Others,CPI,2021-07-31,8.405968385
Urban CPI (YoY),Urban,Others,CPI,2021-07-31,8.669190232
Rural CPI (YoY),rural,Others,CPI,2021-07-31,8.008213552
Urban Food CPI (YoY),Urban,Food,CPI,2021-07-31,9.399334826
Rural Food CPI (YoY),rural,Food,CPI,2021-07-31,7.303188078
Urban Non-Food CPI (YoY),Urban,Non-Food,CPI,2021-07-31,8.227870341
Rural Non-Food CPI (YoY),rural,Non-Food,CPI,2021-07-31,8.651859566
WPI (YoY),National,Others,WPI,2021-07-31,17.26980578
WPI Food (YoY),National,Food,WPI,2021-07-31,11.29488229
WPI Non-Food (YoY),National,Non-Food,WPI,2021-07-31,20.94896615
SPI (YoY),National,Others,SPI,2021-07-31,12.60674157
Urban NFNE (YoY),Urban,NFNE,CPI,2021-07-31,6.910430623
Rural NFNE (YoY),rural,NFNE,CPI,2021-07-31,6.90283035
National CPI (YoY),National,Others,CPI,2021-06-30,9.655669291
Urban CPI (YoY),Urban,Others,CPI,2021-06-30,9.591326105
Rural CPI (YoY),rural,Others,CPI,2021-06-30,9.731036567
Urban Food CPI (YoY),Urban,Food,CPI,2021-06-30,11.03316117
Rural Food CPI (YoY),rural,Food,CPI,2021-06-30,9.777551279
Urban Non-Food CPI (YoY),Urban,Non-Food,CPI,2021-06-30,8.772921073
Rural Non-Food CPI (YoY),rural,Non-Food,CPI,2021-06-30,9.69240028
WPI (YoY),National,Others,WPI,2021-06-30,20.85419735
WPI Food (YoY),National,Food,WPI,2021-06-30,13.22429993
WPI Non-Food (YoY),National,Non-Food,WPI,2021-06-30,25.73896247
SPI (YoY),National,Others,SPI,2021-06-30,15.37443562
Urban NFNE (YoY),Urban,NFNE,CPI,2021-06-30,6.715122978
Rural NFNE (YoY),rural,NFNE,CPI,2021-06-30,7.326769152
National CPI (YoY),National,Others,CPI,2021-05-31,10.86176628
Urban CPI (YoY),Urban,Others,CPI,2021-05-31,10.84052218
Rural CPI (YoY),rural,Others,CPI,2021-05-31,10.90589941
Urban Food CPI (YoY),Urban,Food,CPI,2021-05-31,15.25372392
Rural Food CPI (YoY),rural,Food,CPI,2021-05-31,12.83371128
Urban Non-Food CPI (YoY),Urban,Non-Food,CPI,2021-05-31,8.256831497
Rural Non-Food CPI (YoY),rural,Non-Food,CPI,2021-05-31,9.21796363
WPI (YoY),National,Others,WPI,2021-05-31,19.38633194
WPI Food (YoY),National,Food,WPI,2021-05-31,16.08848979
WPI Non-Food (YoY),National,Non-Food,WPI,2021-05-31,21.4268639
SPI (YoY),National,Others,SPI,2021-05-31,16.90670006
Urban NFNE (YoY),Urban,NFNE,CPI,2021-05-31,6.842502119
Rural NFNE (YoY),rural,NFNE,CPI,2021-05-31,7.577661172
National CPI (YoY),National,Others,CPI,2021-04-30,11.1
Urban CPI (YoY),Urban,Others,CPI,2021-04-30,11
Rural CPI (YoY),rural,Others,CPI,2021-04-30,11.3
Urban Food CPI (YoY),Urban,Food,CPI,2021-04-30,15.7
Rural Food CPI (YoY),rural,Food,CPI,2021-04-30,14.1
Urban Non-Food CPI (YoY),Urban,Non-Food,CPI,2021-04-30,8.2
Rural Non-Food CPI (YoY),rural,Non-Food,CPI,2021-04-30,8.9
WPI (YoY),National,Others,WPI,2021-04-30,16.6
WPI Food (YoY),National,Food,WPI,2021-04-30,16.7
WPI Non-Food (YoY),National,Non-Food,WPI,2021-04-30,16.5
SPI (YoY),National,Others,SPI,2021-04-30,17.8
Urban NFNE (YoY),Urban,NFNE,CPI,2021-04-30,7
Rural NFNE (YoY),rural,NFNE,CPI,2021-04-30,7.7
National CPI (YoY),National,Others,CPI,2021-03-31,9.1
Urban CPI (YoY),Urban,Others,CPI,2021-03-31,8.7
Rural CPI (YoY),rural,Others,CPI,2021-03-31,9.5
Urban Food CPI (YoY),Urban,Food,CPI,2021-03-31,11.5
Rural Food CPI (YoY),rural,Food,CPI,2021-03-31,11.1
Urban Non-Food CPI (YoY),Urban,Non-Food,CPI,2021-03-31,7.1
Rural Non-Food CPI (YoY),rural,Non-Food,CPI,2021-03-31,8.1
WPI (YoY),National,Others,WPI,2021-03-31,14.6
WPI Food (YoY),National,Food,WPI,2021-03-31,14.6
WPI Non-Food (YoY),National,Non-Food,WPI,2021-03-31,14.6
SPI (YoY),National,Others,SPI,2021-03-31,14.3
Urban NFNE (YoY),Urban,NFNE,CPI,2021-03-31,6.3
Rural NFNE (YoY),rural,NFNE,CPI,2021-03-31,7.3
National CPI (YoY),National,Others,CPI,2021-02-28,8.7
Urban CPI (YoY),Urban,Others,CPI,2021-02-28,8.6
Rural CPI (YoY),rural,Others,CPI,2021-02-28,8.8
Urban Food CPI (YoY),Urban,Food,CPI,2021-02-28,10.3
Rural Food CPI (YoY),rural,Food,CPI,2021-02-28,9.1
Urban Non-Food CPI (YoY),Urban,Non-Food,CPI,2021-02-28,7.6
Rural Non-Food CPI (YoY),rural,Non-Food,CPI,2021-02-28,8.6
WPI (YoY),National,Others,WPI,2021-02-28,9.5
WPI Food (YoY),National,Food,WPI,2021-02-28,13.8
WPI Non-Food (YoY),National,Non-Food,WPI,2021-02-28,7.2
SPI (YoY),National,Others,SPI,2021-02-28,10.1
Urban NFNE (YoY),Urban,NFNE,CPI,2021-02-28,6.4
Rural NFNE (YoY),rural,NFNE,CPI,2021-02-28,7.7
National CPI (YoY),National,Others,CPI,2021-01-31,5.7
Urban CPI (YoY),Urban,Others,CPI,2021-01-31,5
Rural CPI (YoY),rural,Others,CPI,2021-01-31,6.6
Urban Food CPI (YoY),Urban,Food,CPI,2021-01-31,7.3
Rural Food CPI (YoY),rural,Food,CPI,2021-01-31,7.2
Urban Non-Food CPI (YoY),Urban,Non-Food,CPI,2021-01-31,3.7
Rural Non-Food CPI (YoY),rural,Non-Food,CPI,2021-01-31,6.1
WPI (YoY),National,Others,WPI,2021-01-31,6.4
WPI Food (YoY),National,Food,WPI,2021-01-31,10.8
WPI Non-Food (YoY),National,Non-Food,WPI,2021-01-31,3.9
SPI (YoY),National,Others,SPI,2021-01-31,6.4
Urban NFNE (YoY),Urban,NFNE,CPI,2021-01-31,5.4
Rural NFNE (YoY),rural,NFNE,CPI,2021-01-31,7.8
National CPI (YoY),National,Others,CPI,2020-12-31,7.98
Urban CPI (YoY),Urban,Others,CPI,2020-12-31,6.97
Rural CPI (YoY),rural,Others,CPI,2020-12-31,9.49
Urban Food CPI (YoY),Urban,Food,CPI,2020-12-31,12.58
Rural Food CPI (YoY),rural,Food,CPI,2020-12-31,13.37
Urban Non-Food CPI (YoY),Urban,Non-Food,CPI,2020-12-31,3.78
Rural Non-Food CPI (YoY),rural,Non-Food,CPI,2020-12-31,6.12
WPI (YoY),National,Others,WPI,2020-12-31,5.67
WPI Food (YoY),National,Food,WPI,2020-12-31,13.6
WPI Non-Food (YoY),National,Non-Food,WPI,2020-12-31,1.31
SPI (YoY),National,Others,SPI,2020-12-31,7.92
Urban NFNE (YoY),Urban,NFNE,CPI,2020-12-31,5.6
Rural NFNE (YoY),rural,NFNE,CPI,2020-12-31,7.65
National CPI (YoY),National,Others,CPI,2020-11-30,8.35
Urban CPI (YoY),Urban,Others,CPI,2020-11-30,6.95
Rural CPI (YoY),rural,Others,CPI,2020-11-30,10.46
Urban Food CPI (YoY),Urban,Food,CPI,2020-11-30,12.99
Rural Food CPI (YoY),rural,Food,CPI,2020-11-30,16.14
Urban Non-Food CPI (YoY),Urban,Non-Food,CPI,2020-11-30,3.44
Rural Non-Food CPI (YoY),rural,Non-Food,CPI,2020-11-30,5.47
WPI (YoY),National,Others,WPI,2020-11-30,5
WPI Food (YoY),National,Food,WPI,2020-11-30,14.74
WPI Non-Food (YoY),National,Non-Food,WPI,2020-11-30,-0.38
SPI (YoY),National,Others,SPI,2020-11-30,7.98
Urban NFNE (YoY),Urban,NFNE,CPI,2020-11-30,5.59
Rural NFNE (YoY),rural,NFNE,CPI,2020-11-30,7.41
National CPI (YoY),National,Others,CPI,2020-10-31,8.91
Urban CPI (YoY),Urban,Others,CPI,2020-10-31,7.34
Rural CPI (YoY),rural,Others,CPI,2020-10-31,11.31
Urban Food CPI (YoY),Urban,Food,CPI,2020-10-31,13.91
Rural Food CPI (YoY),rural,Food,CPI,2020-10-31,17.69
Urban Non-Food CPI (YoY),Urban,Non-Food,CPI,2020-10-31,3.6
Rural Non-Food CPI (YoY),rural,Non-Food,CPI,2020-10-31,5.83
WPI (YoY),National,Others,WPI,2020-10-31,5.13
WPI Food (YoY),National,Food,WPI,2020-10-31,15.76
WPI Non-Food (YoY),National,Non-Food,WPI,2020-10-31,-0.61
SPI (YoY),National,Others,SPI,2020-10-31,9.68
Urban NFNE (YoY),Urban,NFNE,CPI,2020-10-31,5.56
Rural NFNE (YoY),rural,NFNE,CPI,2020-10-31,7.61
National CPI (YoY),National,Others,CPI,2020-09-30,9.03
Urban CPI (YoY),Urban,Others,CPI,2020-09-30,7.68
Rural CPI (YoY),rural,Others,CPI,2020-09-30,11.12
Urban Food CPI (YoY),Urban,Food,CPI,2020-09-30,12.43
Rural Food CPI (YoY),rural,Food,CPI,2020-09-30,15.79
Urban Non-Food CPI (YoY),Urban,Non-Food,CPI,2020-09-30,4.97
Rural Non-Food CPI (YoY),rural,Non-Food,CPI,2020-09-30,7.16
WPI (YoY),National,Others,WPI,2020-09-30,4.26
WPI Food (YoY),National,Food,WPI,2020-09-30,14.12
WPI Non-Food (YoY),National,Non-Food,WPI,2020-09-30,-1.09
SPI (YoY),National,Others,SPI,2020-09-30,9
Urban NFNE (YoY),Urban,NFNE,CPI,2020-09-30,5.51
Rural NFNE (YoY),rural,NFNE,CPI,2020-09-30,7.76
National CPI (YoY),National,Others,CPI,2020-08-31,8.21
Urban CPI (YoY),Urban,Others,CPI,2020-08-31,7.14
Rural CPI (YoY),rural,Others,CPI,2020-08-31,9.86
Urban Food CPI (YoY),Urban,Food,CPI,2020-08-31,11.31
Rural Food CPI (YoY),rural,Food,CPI,2020-08-31,13.52
Urban Non-Food CPI (YoY),Urban,Non-Food,CPI,2020-08-31,4.81
Rural Non-Food CPI (YoY),rural,Non-Food,CPI,2020-08-31,6.8
WPI (YoY),National,Others,WPI,2020-08-31,3.26
WPI Food (YoY),National,Food,WPI,2020-08-31,15.2
WPI Non-Food (YoY),National,Non-Food,WPI,2020-08-31,-2.9
SPI (YoY),National,Others,SPI,2020-08-31,8.66
Urban NFNE (YoY),Urban,NFNE,CPI,2020-08-31,5.58
Rural NFNE (YoY),rural,NFNE,CPI,2020-08-31,7.64
National CPI (YoY),National,Others,CPI,2020-07-31,9.3
Urban CPI (YoY),Urban,Others,CPI,2020-07-31,7.83
Rural CPI (YoY),rural,Others,CPI,2020-07-31,11.57
Urban Food CPI (YoY),Urban,Food,CPI,2020-07-31,15.08
Rural Food CPI (YoY),rural,Food,CPI,2020-07-31,17.77
Urban Non-Food CPI (YoY),Urban,Non-Food,CPI,2020-07-31,3.88
Rural Non-Food CPI (YoY),rural,Non-Food,CPI,2020-07-31,6.47
WPI (YoY),National,Others,WPI,2020-07-31,3.23
WPI Food (YoY),National,Food,WPI,2020-07-31,15.61
WPI Non-Food (YoY),National,Non-Food,WPI,2020-07-31,-3.16
SPI (YoY),National,Others,SPI,2020-07-31,10.52
Urban NFNE (YoY),Urban,NFNE,CPI,2020-07-31,5.29
Rural NFNE (YoY),rural,NFNE,CPI,2020-07-31,7.81
National CPI (YoY),National,Others,CPI,2020-06-30,8.59
Urban CPI (YoY),Urban,Others,CPI,2020-06-30,7.65
Rural CPI (YoY),rural,Others,CPI,2020-06-30,10.03
Urban Food CPI (YoY),Urban,Food,CPI,2020-06-30,12.89
Rural Food CPI (YoY),rural,Food,CPI,2020-06-30,15.18
Urban Non-Food CPI (YoY),Urban,Non-Food,CPI,2020-06-30,4.75
Rural Non-Food CPI (YoY),rural,Non-Food,CPI,2020-06-30,5.8
WPI (YoY),National,Others,WPI,2020-06-30,0.93
WPI Food (YoY),National,Food,WPI,2020-06-30,11.92
WPI Non-Food (YoY),National,Non-Food,WPI,2020-06-30,-5.03
SPI (YoY),National,Others,SPI,2020-06-30,9.33
Urban NFNE (YoY),Urban,NFNE,CPI,2020-06-30,6.52
Rural NFNE (YoY),rural,NFNE,CPI,2020-06-30,8.8
National CPI (YoY),National,Others,CPI,2020-05-31,8.23
Urban CPI (YoY),Urban,Others,CPI,2020-05-31,7.27
Rural CPI (YoY),rural,Others,CPI,2020-05-31,9.69
Urban Food CPI (YoY),Urban,Food,CPI,2020-05-31,10.59
Rural Food CPI (YoY),rural,Food,CPI,2020-05-31,13.74
Urban Non-Food CPI (YoY),Urban,Non-Food,CPI,2020-05-31,5.42
Rural Non-Food CPI (YoY),rural,Non-Food,CPI,2020-05-31,6.38
WPI (YoY),National,Others,WPI,2020-05-31,1.5
WPI Food (YoY),National,Food,WPI,2020-05-31,10.27
WPI Non-Food (YoY),National,Non-Food,WPI,2020-05-31,-3.27
SPI (YoY),National,Others,SPI,2020-05-31,9.58
Urban NFNE (YoY),Urban,NFNE,CPI,2020-05-31,6.29
Rural NFNE (YoY),rural,NFNE,CPI,2020-05-31,8.43
National CPI (YoY),National,Others,CPI,2020-04-30,8.52
Urban CPI (YoY),Urban,Others,CPI,2020-04-30,7.68
Rural CPI (YoY),rural,Others,CPI,2020-04-30,9.83
Urban Food CPI (YoY),Urban,Food,CPI,2020-04-30,10.42
Rural Food CPI (YoY),rural,Food,CPI,2020-04-30,12.85
Urban Non-Food CPI (YoY),Urban,Non-Food,CPI,2020-04-30,6.16
Rural Non-Food CPI (YoY),rural,Non-Food,CPI,2020-04-30,7.37
WPI (YoY),National,Others,WPI,2020-04-30,4.92
WPI Food (YoY),National,Food,WPI,2020-04-30,9.55
WPI Non-Food (YoY),National,Non-Food,WPI,2020-04-30,2.4
SPI (YoY),National,Others,SPI,2020-04-30,8.51
Urban NFNE (YoY),Urban,NFNE,CPI,2020-04-30,6.44
Rural NFNE (YoY),rural,NFNE,CPI,2020-04-30,8.48
National CPI (YoY),National,Others,CPI,2020-03-31,10.24
Urban CPI (YoY),Urban,Others,CPI,2020-03-31,9.31
Rural CPI (YoY),rural,Others,CPI,2020-03-31,11.67
Urban Food CPI (YoY),Urban,Food,CPI,2020-03-31,12.96
Rural Food CPI (YoY),rural,Food,CPI,2020-03-31,15.52
Urban Non-Food CPI (YoY),Urban,Non-Food,CPI,2020-03-31,7.31
Rural Non-Food CPI (YoY),rural,Non-Food,CPI,2020-03-31,8.52
WPI (YoY),National,Others,WPI,2020-03-31,9.19
WPI Food (YoY),National,Food,WPI,2020-03-31,13.16
WPI Non-Food (YoY),National,Non-Food,WPI,2020-03-31,7.06
SPI (YoY),National,Others,SPI,2020-03-31,12.18
Urban NFNE (YoY),Urban,NFNE,CPI,2020-03-31,7.43
Rural NFNE (YoY),rural,NFNE,CPI,2020-03-31,9.37
National CPI (YoY),National,Others,CPI,2020-02-29,12.4
Urban CPI (YoY),Urban,Others,CPI,2020-02-29,11.21
Rural CPI (YoY),rural,Others,CPI,2020-02-29,14.22
Urban Food CPI (YoY),Urban,Food,CPI,2020-02-29,15.17
Rural Food CPI (YoY),rural,Food,CPI,2020-02-29,19.73
Urban Non-Food CPI (YoY),Urban,Non-Food,CPI,2020-02-29,9.06
Rural Non-Food CPI (YoY),rural,Non-Food,CPI,2020-02-29,9.79
WPI (YoY),National,Others,WPI,2020-02-29,12.61
WPI Food (YoY),National,Food,WPI,2020-02-29,15.16
WPI Non-Food (YoY),National,Non-Food,WPI,2020-02-29,11.26
SPI (YoY),National,Others,SPI,2020-02-29,16.1
Urban NFNE (YoY),Urban,NFNE,CPI,2020-02-29,7.96
Rural NFNE (YoY),rural,NFNE,CPI,2020-02-29,9.37
National CPI (YoY),National,Others,CPI,2020-01-31,14.56
Urban CPI (YoY),Urban,Others,CPI,2020-01-31,13.41
Rural CPI (YoY),rural,Others,CPI,2020-01-31,16.34
Urban Food CPI (YoY),Urban,Food,CPI,2020-01-31,19.48
Rural Food CPI (YoY),rural,Food,CPI,2020-01-31,23.77
Urban Non-Food CPI (YoY),Urban,Non-Food,CPI,2020-01-31,10.19
Rural Non-Food CPI (YoY),rural,Non-Food,CPI,2020-01-31,10.47
WPI (YoY),National,Others,WPI,2020-01-31,15.36
WPI Food (YoY),National,Food,WPI,2020-01-31,17.75
WPI Non-Food (YoY),National,Non-Food,WPI,2020-01-31,14.08
SPI (YoY),National,Others,SPI,2020-01-31,19.53
Urban NFNE (YoY),Urban,NFNE,CPI,2020-01-31,7.94
Rural NFNE (YoY),rural,NFNE,CPI,2020-01-31,9.02
National CPI (YoY),National,Others,CPI,2019-12-31,12.63
Urban CPI (YoY),Urban,Others,CPI,2019-12-31,12.01
Rural CPI (YoY),rural,Others,CPI,2019-12-31,13.58
Urban Food CPI (YoY),Urban,Food,CPI,2019-12-31,16.7
Rural Food CPI (YoY),rural,Food,CPI,2019-12-31,19.66
Urban Non-Food CPI (YoY),Urban,Non-Food,CPI,2019-12-31,9.52
Rural Non-Food CPI (YoY),rural,Non-Food,CPI,2019-12-31,8.79
WPI (YoY),National,Others,WPI,2019-12-31,12.37
WPI Food (YoY),National,Food,WPI,2019-12-31,16
WPI Non-Food (YoY),National,Non-Food,WPI,2019-12-31,10.46
SPI (YoY),National,Others,SPI,2019-12-31,18.2
Urban NFNE (YoY),Urban,NFNE,CPI,2019-12-31,7.52
Rural NFNE (YoY),rural,NFNE,CPI,2019-12-31,8.12
National CPI (YoY),National,Others,CPI,2019-11-30,12.67
Urban CPI (YoY),Urban,Others,CPI,2019-11-30,12.07
Rural CPI (YoY),rural,Others,CPI,2019-11-30,13.6
Urban Food CPI (YoY),Urban,Food,CPI,2019-11-30,16.64
Rural Food CPI (YoY),rural,Food,CPI,2019-11-30,19.29
Urban Non-Food CPI (YoY),Urban,Non-Food,CPI,2019-11-30,9.58
Rural Non-Food CPI (YoY),rural,Non-Food,CPI,2019-11-30,9.01
WPI (YoY),National,Others,WPI,2019-11-30,11.19
WPI Food (YoY),National,Food,WPI,2019-11-30,16.2
WPI Non-Food (YoY),National,Non-Food,WPI,2019-11-30,8.61
SPI (YoY),National,Others,SPI,2019-11-30,19.45
Urban NFNE (YoY),Urban,NFNE,CPI,2019-11-30,7.53
Rural NFNE (YoY),rural,NFNE,CPI,2019-11-30,8.38
National CPI (YoY),National,Others,CPI,2019-10-31,11.04
Urban CPI (YoY),Urban,Others,CPI,2019-10-31,10.86
Rural CPI (YoY),rural,Others,CPI,2019-10-31,11.33
Urban Food CPI (YoY),Urban,Food,CPI,2019-10-31,13.72
Rural Food CPI (YoY),rural,Food,CPI,2019-10-31,14.6
Urban Non-Food CPI (YoY),Urban,Non-Food,CPI,2019-10-31,9.3
Rural Non-Food CPI (YoY),rural,Non-Food,CPI,2019-10-31,8.67
WPI (YoY),National,Others,WPI,2019-10-31,13.27
WPI Food (YoY),National,Food,WPI,2019-10-31,14.89
WPI Non-Food (YoY),National,Non-Food,WPI,2019-10-31,12.41
SPI (YoY),National,Others,SPI,2019-10-31,16.26
Urban NFNE (YoY),Urban,NFNE,CPI,2019-10-31,7.67
Rural NFNE (YoY),rural,NFNE,CPI,2019-10-31,8.56
National CPI (YoY),National,Others,CPI,2019-09-30,11.38
Urban CPI (YoY),Urban,Others,CPI,2019-09-30,11.56
Rural CPI (YoY),rural,Others,CPI,2019-09-30,11.1
Urban Food CPI (YoY),Urban,Food,CPI,2019-09-30,15.04
Rural Food CPI (YoY),rural,Food,CPI,2019-09-30,14.98
Urban Non-Food CPI (YoY),Urban,Non-Food,CPI,2019-09-30,9.66
Rural Non-Food CPI (YoY),rural,Non-Food,CPI,2019-09-30,7.98
WPI (YoY),National,Others,WPI,2019-09-30,15.9
WPI Food (YoY),National,Food,WPI,2019-09-30,14.86
WPI Non-Food (YoY),National,Non-Food,WPI,2019-09-30,16.47
SPI (YoY),National,Others,SPI,2019-09-30,17.54
Urban NFNE (YoY),Urban,NFNE,CPI,2019-09-30,8.4
Rural NFNE (YoY),rural,NFNE,CPI,2019-09-30,8.85
National CPI (YoY),National,Others,CPI,2019-08-31,10.49
Urban CPI (YoY),Urban,Others,CPI,2019-08-31,10.64
Rural CPI (YoY),rural,Others,CPI,2019-08-31,10.27
Urban Food CPI (YoY),Urban,Food,CPI,2019-08-31,11.91
Rural Food CPI (YoY),rural,Food,CPI,2019-08-31,12.64
Urban Non-Food CPI (YoY),Urban,Non-Food,CPI,2019-08-31,9.93
Rural Non-Food CPI (YoY),rural,Non-Food,CPI,2019-08-31,8.37
WPI (YoY),National,Others,WPI,2019-08-31,14.06
WPI Food (YoY),National,Food,WPI,2019-08-31,11.19
WPI Non-Food (YoY),National,Non-Food,WPI,2019-08-31,15.59
SPI (YoY),National,Others,SPI,2019-08-31,15.3
Urban NFNE (YoY),Urban,NFNE,CPI,2019-08-31,8.49
Rural NFNE (YoY),rural,NFNE,CPI,2019-08-31,8.82
National CPI (YoY),National,Others,CPI,2019-07-31,8.38
Urban CPI (YoY),Urban,Others,CPI,2019-07-31,8.71
Rural CPI (YoY),rural,Others,CPI,2019-07-31,7.87
Urban Food CPI (YoY),Urban,Food,CPI,2019-07-31,7.91
Rural Food CPI (YoY),rural,Food,CPI,2019-07-31,9.26
Urban Non-Food CPI (YoY),Urban,Non-Food,CPI,2019-07-31,9.15
Rural Non-Food CPI (YoY),rural,Non-Food,CPI,2019-07-31,6.76
WPI (YoY),National,Others,WPI,2019-07-31,13.28
WPI Food (YoY),National,Food,WPI,2019-07-31,9.12
WPI Non-Food (YoY),National,Non-Food,WPI,2019-07-31,15.55
SPI (YoY),National,Others,SPI,2019-07-31,11.64
Urban NFNE (YoY),Urban,NFNE,CPI,2019-07-31,8.19
Rural NFNE (YoY),rural,NFNE,CPI,2019-07-31,7.83
National CPI (YoY),National,Others,CPI,2019-06-30,8.04
Urban CPI (YoY),Urban,Others,CPI,2019-06-30,8.1
Rural CPI (YoY),rural,Others,CPI,2019-06-30,7.94
Urban Food CPI (YoY),Urban,Food,CPI,2019-06-30,7.51
Rural Food CPI (YoY),rural,Food,CPI,2019-06-30,9.07
Urban Non-Food CPI (YoY),Urban,Non-Food,CPI,2019-06-30,8.43
Rural Non-Food CPI (YoY),rural,Non-Food,CPI,2019-06-30,7.05
WPI (YoY),National,Others,WPI,2019-06-30,13.98
WPI Food (YoY),National,Food,WPI,2019-06-30,9.96
WPI Non-Food (YoY),National,Non-Food,WPI,2019-06-30,16.28
SPI (YoY),National,Others,SPI,2019-06-30,9.97
Urban NFNE (YoY),Urban,NFNE,CPI,2019-06-30,7.25
Rural NFNE (YoY),rural,NFNE,CPI,2019-06-30,6.66
National CPI (YoY),National,Others,CPI,2019-05-31,8.42
Urban CPI (YoY),Urban,Others,CPI,2019-05-31,8.51
Rural CPI (YoY),rural,Others,CPI,2019-05-31,8.27
Urban Food CPI (YoY),Urban,Food,CPI,2019-05-31,8.98
Rural Food CPI (YoY),rural,Food,CPI,2019-05-31,9.74
Urban Non-Food CPI (YoY),Urban,Non-Food,CPI,2019-05-31,8.26
Rural Non-Food CPI (YoY),rural,Non-Food,CPI,2019-05-31,7.08
WPI (YoY),National,Others,WPI,2019-05-31,16.49
WPI Food (YoY),National,Food,WPI,2019-05-31,11.22
WPI Non-Food (YoY),National,Non-Food,WPI,2019-05-31,19.56
SPI (YoY),National,Others,SPI,2019-05-31,10.99
Urban NFNE (YoY),Urban,NFNE,CPI,2019-05-31,7.17
Rural NFNE (YoY),rural,NFNE,CPI,2019-05-31,6.79
National CPI (YoY),National,Others,CPI,2019-04-30,8.27
Urban CPI (YoY),Urban,Others,CPI,2019-04-30,8.35
Rural CPI (YoY),rural,Others,CPI,2019-04-30,8.13
Urban Food CPI (YoY),Urban,Food,CPI,2019-04-30,8.29
Rural Food CPI (YoY),rural,Food,CPI,2019-04-30,9.26
Urban Non-Food CPI (YoY),Urban,Non-Food,CPI,2019-04-30,8.38
Rural Non-Food CPI (YoY),rural,Non-Food,CPI,2019-04-30,7.22
WPI (YoY),National,Others,WPI,2019-04-30,17.41
WPI Food (YoY),National,Food,WPI,2019-04-30,11.9
WPI Non-Food (YoY),National,Non-Food,WPI,2019-04-30,20.75
SPI (YoY),National,Others,SPI,2019-04-30,11.31
Urban NFNE (YoY),Urban,NFNE,CPI,2019-04-30,6.99
Rural NFNE (YoY),rural,NFNE,CPI,2019-04-30,6.77
National CPI (YoY),National,Others,CPI,2019-03-31,8.64
Urban CPI (YoY),Urban,Others,CPI,2019-03-31,8.93
Rural CPI (YoY),rural,Others,CPI,2019-03-31,8.2
Urban Food CPI (YoY),Urban,Food,CPI,2019-03-31,8.82
Rural Food CPI (YoY),rural,Food,CPI,2019-03-31,9.28
Urban Non-Food CPI (YoY),Urban,Non-Food,CPI,2019-03-31,9
Rural Non-Food CPI (YoY),rural,Non-Food,CPI,2019-03-31,7.34
WPI (YoY),National,Others,WPI,2019-03-31,16.56
WPI Food (YoY),National,Food,WPI,2019-03-31,8.8
WPI Non-Food (YoY),National,Non-Food,WPI,2019-03-31,21.17
SPI (YoY),National,Others,SPI,2019-03-31,11.89
Urban NFNE (YoY),Urban,NFNE,CPI,2019-03-31,7.23
Rural NFNE (YoY),rural,NFNE,CPI,2019-03-31,6.49
National CPI (YoY),National,Others,CPI,2019-02-28,6.75
Urban CPI (YoY),Urban,Others,CPI,2019-02-28,7.23
Rural CPI (YoY),rural,Others,CPI,2019-02-28,6.02
Urban Food CPI (YoY),Urban,Food,CPI,2019-02-28,5.87
Rural Food CPI (YoY),rural,Food,CPI,2019-02-28,5.19
Urban Non-Food CPI (YoY),Urban,Non-Food,CPI,2019-02-28,7.99
Rural Non-Food CPI (YoY),rural,Non-Food,CPI,2019-02-28,6.7
WPI (YoY),National,Others,WPI,2019-02-28,13.93
WPI Food (YoY),National,Food,WPI,2019-02-28,5.84
WPI Non-Food (YoY),National,Non-Food,WPI,2019-02-28,18.75
SPI (YoY),National,Others,SPI,2019-02-28,8.92
Urban NFNE (YoY),Urban,NFNE,CPI,2019-02-28,7.07
Rural NFNE (YoY),rural,NFNE,CPI,2019-02-28,6.44
National CPI (YoY),National,Others,CPI,2019-01-31,5.55
Urban CPI (YoY),Urban,Others,CPI,2019-01-31,6.16
Rural CPI (YoY),rural,Others,CPI,2019-01-31,4.64
Urban Food CPI (YoY),Urban,Food,CPI,2019-01-31,2.57
Rural Food CPI (YoY),rural,Food,CPI,2019-01-31,1.83
Urban Non-Food CPI (YoY),Urban,Non-Food,CPI,2019-01-31,8.16
Rural Non-Food CPI (YoY),rural,Non-Food,CPI,2019-01-31,6.96
WPI (YoY),National,Others,WPI,2019-01-31,12.58
WPI Food (YoY),National,Food,WPI,2019-01-31,3.99
WPI Non-Food (YoY),National,Non-Food,WPI,2019-01-31,17.81
SPI (YoY),National,Others,SPI,2019-01-31,6.06
Urban NFNE (YoY),Urban,NFNE,CPI,2019-01-31,7.14
Rural NFNE (YoY),rural,NFNE,CPI,2019-01-31,6.61
National CPI (YoY),National,Others,CPI,2018-12-31,5.37
Urban CPI (YoY),Urban,Others,CPI,2018-12-31,5.9
Rural CPI (YoY),rural,Others,CPI,2018-12-31,4.58
Urban Food CPI (YoY),Urban,Food,CPI,2018-12-31,0.58
Rural Food CPI (YoY),rural,Food,CPI,2018-12-31,0.46
Urban Non-Food CPI (YoY),Urban,Non-Food,CPI,2018-12-31,8.96
Rural Non-Food CPI (YoY),rural,Non-Food,CPI,2018-12-31,8.08
WPI (YoY),National,Others,WPI,2018-12-31,16.46
WPI Food (YoY),National,Food,WPI,2018-12-31,3.51
WPI Non-Food (YoY),National,Non-Food,WPI,2018-12-31,24.63
SPI (YoY),National,Others,SPI,2018-12-31,5.36
Urban NFNE (YoY),Urban,NFNE,CPI,2018-12-31,7.75
Rural NFNE (YoY),rural,NFNE,CPI,2018-12-31,7.36
National CPI (YoY),National,Others,CPI,2018-11-30,5.66
Urban CPI (YoY),Urban,Others,CPI,2018-11-30,6.28
Rural CPI (YoY),rural,Others,CPI,2018-11-30,4.73
Urban Food CPI (YoY),Urban,Food,CPI,2018-11-30,1.71
Rural Food CPI (YoY),rural,Food,CPI,2018-11-30,0.92
Urban Non-Food CPI (YoY),Urban,Non-Food,CPI,2018-11-30,8.96
Rural Non-Food CPI (YoY),rural,Non-Food,CPI,2018-11-30,8.01
WPI (YoY),National,Others,WPI,2018-11-30,18.62
WPI Food (YoY),National,Food,WPI,2018-11-30,4.19
WPI Non-Food (YoY),National,Non-Food,WPI,2018-11-30,27.75
SPI (YoY),National,Others,SPI,2018-11-30,5.77
Urban NFNE (YoY),Urban,NFNE,CPI,2018-11-30,7.68
Rural NFNE (YoY),rural,NFNE,CPI,2018-11-30,7.13
National CPI (YoY),National,Others,CPI,2018-10-31,6.5
Urban CPI (YoY),Urban,Others,CPI,2018-10-31,7.04
Rural CPI (YoY),rural,Others,CPI,2018-10-31,5.67
Urban Food CPI (YoY),Urban,Food,CPI,2018-10-31,3.01
Rural Food CPI (YoY),rural,Food,CPI,2018-10-31,2.51
Urban Non-Food CPI (YoY),Urban,Non-Food,CPI,2018-10-31,9.38
Rural Non-Food CPI (YoY),rural,Non-Food,CPI,2018-10-31,8.37
WPI (YoY),National,Others,WPI,2018-10-31,18.64
WPI Food (YoY),National,Food,WPI,2018-10-31,5.51
WPI Non-Food (YoY),National,Non-Food,WPI,2018-10-31,26.99
SPI (YoY),National,Others,SPI,2018-10-31,6.46
Urban NFNE (YoY),Urban,NFNE,CPI,2018-10-31,7.52
Rural NFNE (YoY),rural,NFNE,CPI,2018-10-31,6.72
National CPI (YoY),National,Others,CPI,2018-09-30,5.42
Urban CPI (YoY),Urban,Others,CPI,2018-09-30,5.64
Rural CPI (YoY),rural,Others,CPI,2018-09-30,5.09
Urban Food CPI (YoY),Urban,Food,CPI,2018-09-30,1.53
Rural Food CPI (YoY),rural,Food,CPI,2018-09-30,1.55
Urban Non-Food CPI (YoY),Urban,Non-Food,CPI,2018-09-30,8.01
Rural Non-Food CPI (YoY),rural,Non-Food,CPI,2018-09-30,8.11
WPI (YoY),National,Others,WPI,2018-09-30,14.64
WPI Food (YoY),National,Food,WPI,2018-09-30,4.74
WPI Non-Food (YoY),National,Non-Food,WPI,2018-09-30,20.91
SPI (YoY),National,Others,SPI,2018-09-30,3.98
Urban NFNE (YoY),Urban,NFNE,CPI,2018-09-30,7.02
Rural NFNE (YoY),rural,NFNE,CPI,2018-09-30,6.66
National CPI (YoY),National,Others,CPI,2018-08-31,6.17
Urban CPI (YoY),Urban,Others,CPI,2018-08-31,6.16
Rural CPI (YoY),rural,Others,CPI,2018-08-31,6.2
Urban Food CPI (YoY),Urban,Food,CPI,2018-08-31,2.95
Rural Food CPI (YoY),rural,Food,CPI,2018-08-31,3.72
Urban Non-Food CPI (YoY),Urban,Non-Food,CPI,2018-08-31,8.01
Rural Non-Food CPI (YoY),rural,Non-Food,CPI,2018-08-31,8.26
WPI (YoY),National,Others,WPI,2018-08-31,16.72
WPI Food (YoY),National,Food,WPI,2018-08-31,5.1
WPI Non-Food (YoY),National,Non-Food,WPI,2018-08-31,24.08
SPI (YoY),National,Others,SPI,2018-08-31,5.82
Urban NFNE (YoY),Urban,NFNE,CPI,2018-08-31,6.71
Rural NFNE (YoY),rural,NFNE,CPI,2018-08-31,6.66
National CPI (YoY),National,Others,CPI,2018-07-31,6.66
Urban CPI (YoY),Urban,Others,CPI,2018-07-31,6.71
Rural CPI (YoY),rural,Others,CPI,2018-07-31,6.59
Urban Food CPI (YoY),Urban,Food,CPI,2018-07-31,3.86
Rural Food CPI (YoY),rural,Food,CPI,2018-07-31,3.87
Urban Non-Food CPI (YoY),Urban,Non-Food,CPI,2018-07-31,8.34
Rural Non-Food CPI (YoY),rural,Non-Food,CPI,2018-07-31,8.88
WPI (YoY),National,Others,WPI,2018-07-31,16.3
WPI Food (YoY),National,Food,WPI,2018-07-31,5.88
WPI Non-Food (YoY),National,Non-Food,WPI,2018-07-31,22.9
SPI (YoY),National,Others,SPI,2018-07-31,7.2
Urban NFNE (YoY),Urban,NFNE,CPI,2018-07-31,6.71
Rural NFNE (YoY),rural,NFNE,CPI,2018-07-31,6.8
National CPI (YoY),National,Others,CPI,2018-06-30,5.67
Urban CPI (YoY),Urban,Others,CPI,2018-06-30,5.85
Rural CPI (YoY),rural,Others,CPI,2018-06-30,5.4
Urban Food CPI (YoY),Urban,Food,CPI,2018-06-30,4.12
Rural Food CPI (YoY),rural,Food,CPI,2018-06-30,2.89
Urban Non-Food CPI (YoY),Urban,Non-Food,CPI,2018-06-30,6.84
Rural Non-Food CPI (YoY),rural,Non-Food,CPI,2018-06-30,7.52
WPI (YoY),National,Others,WPI,2018-06-30,11.38
WPI Food (YoY),National,Food,WPI,2018-06-30,5.1
WPI Non-Food (YoY),National,Non-Food,WPI,2018-06-30,15.32
SPI (YoY),National,Others,SPI,2018-06-30,5.75
Urban NFNE (YoY),Urban,NFNE,CPI,2018-06-30,6.32
Rural NFNE (YoY),rural,NFNE,CPI,2018-06-30,6.55
National CPI (YoY),National,Others,CPI,2018-05-31,4.98
Urban CPI (YoY),Urban,Others,CPI,2018-05-31,5.31
Rural CPI (YoY),rural,Others,CPI,2018-05-31,4.48
Urban Food CPI (YoY),Urban,Food,CPI,2018-05-31,3.04
Rural Food CPI (YoY),rural,Food,CPI,2018-05-31,1.67
Urban Non-Food CPI (YoY),Urban,Non-Food,CPI,2018-05-31,6.6
Rural Non-Food CPI (YoY),rural,Non-Food,CPI,2018-05-31,6.84
WPI (YoY),National,Others,WPI,2018-05-31,8.62
WPI Food (YoY),National,Food,WPI,2018-05-31,3.93
WPI Non-Food (YoY),National,Non-Food,WPI,2018-05-31,11.53
SPI (YoY),National,Others,SPI,2018-05-31,3.93
Urban NFNE (YoY),Urban,NFNE,CPI,2018-05-31,6.61
Rural NFNE (YoY),rural,NFNE,CPI,2018-05-31,6.29
National CPI (YoY),National,Others,CPI,2018-04-30,3.96
Urban CPI (YoY),Urban,Others,CPI,2018-04-30,4.42
Rural CPI (YoY),rural,Others,CPI,2018-04-30,3.27
Urban Food CPI (YoY),Urban,Food,CPI,2018-04-30,1.32
Rural Food CPI (YoY),rural,Food,CPI,2018-04-30,-0.31
Urban Non-Food CPI (YoY),Urban,Non-Food,CPI,2018-04-30,6.22
Rural Non-Food CPI (YoY),rural,Non-Food,CPI,2018-04-30,6.34
WPI (YoY),National,Others,WPI,2018-04-30,6.31
WPI Food (YoY),National,Food,WPI,2018-04-30,1.32
WPI Non-Food (YoY),National,Non-Food,WPI,2018-04-30,9.23
SPI (YoY),National,Others,SPI,2018-04-30,2.4
Urban NFNE (YoY),Urban,NFNE,CPI,2018-04-30,6.4
Rural NFNE (YoY),rural,NFNE,CPI,2018-04-30,6
National CPI (YoY),National,Others,CPI,2018-03-31,3.59
Urban CPI (YoY),Urban,Others,CPI,2018-03-31,4
Rural CPI (YoY),rural,Others,CPI,2018-03-31,2.98
Urban Food CPI (YoY),Urban,Food,CPI,2018-03-31,0.48
Rural Food CPI (YoY),rural,Food,CPI,2018-03-31,-0.72
Urban Non-Food CPI (YoY),Urban,Non-Food,CPI,2018-03-31,6.05
Rural Non-Food CPI (YoY),rural,Non-Food,CPI,2018-03-31,6.14
WPI (YoY),National,Others,WPI,2018-03-31,5.42
WPI Food (YoY),National,Food,WPI,2018-03-31,1.85
WPI Non-Food (YoY),National,Non-Food,WPI,2018-03-31,7.67
SPI (YoY),National,Others,SPI,2018-03-31,0.8
Urban NFNE (YoY),Urban,NFNE,CPI,2018-03-31,6.03
Rural NFNE (YoY),rural,NFNE,CPI,2018-03-31,5.54
National CPI (YoY),National,Others,CPI,2018-02-28,4.46
Urban CPI (YoY),Urban,Others,CPI,2018-02-28,4.76
Rural CPI (YoY),rural,Others,CPI,2018-02-28,4
Urban Food CPI (YoY),Urban,Food,CPI,2018-02-28,3.45
Rural Food CPI (YoY),rural,Food,CPI,2018-02-28,2.24
Urban Non-Food CPI (YoY),Urban,Non-Food,CPI,2018-02-28,5.49
Rural Non-Food CPI (YoY),rural,Non-Food,CPI,2018-02-28,5.48
WPI (YoY),National,Others,WPI,2018-02-28,5.94
WPI Food (YoY),National,Food,WPI,2018-02-28,3.49
WPI Non-Food (YoY),National,Non-Food,WPI,2018-02-28,7.47
SPI (YoY),National,Others,SPI,2018-02-28,3.62
Urban NFNE (YoY),Urban,NFNE,CPI,2018-02-28,5.54
Rural NFNE (YoY),rural,NFNE,CPI,2018-02-28,5.1
National CPI (YoY),National,Others,CPI,2018-01-31,5.24
Urban CPI (YoY),Urban,Others,CPI,2018-01-31,5.44
Rural CPI (YoY),rural,Others,CPI,2018-01-31,4.94
Urban Food CPI (YoY),Urban,Food,CPI,2018-01-31,5.1
Rural Food CPI (YoY),rural,Food,CPI,2018-01-31,4.29
Urban Non-Food CPI (YoY),Urban,Non-Food,CPI,2018-01-31,5.64
Rural Non-Food CPI (YoY),rural,Non-Food,CPI,2018-01-31,5.5
WPI (YoY),National,Others,WPI,2018-01-31,6.36
WPI Food (YoY),National,Food,WPI,2018-01-31,4.38
WPI Non-Food (YoY),National,Non-Food,WPI,2018-01-31,7.6
SPI (YoY),National,Others,SPI,2018-01-31,5.24
Urban NFNE (YoY),Urban,NFNE,CPI,2018-01-31,5.37
Rural NFNE (YoY),rural,NFNE,CPI,2018-01-31,4.83
National CPI (YoY),National,Others,CPI,2017-12-31,5.61
Urban CPI (YoY),Urban,Others,CPI,2017-12-31,6.11
Rural CPI (YoY),rural,Others,CPI,2017-12-31,4.87
Urban Food CPI (YoY),Urban,Food,CPI,2017-12-31,6.7
Rural Food CPI (YoY),rural,Food,CPI,2017-12-31,4.4
Urban Non-Food CPI (YoY),Urban,Non-Food,CPI,2017-12-31,5.77
Rural Non-Food CPI (YoY),rural,Non-Food,CPI,2017-12-31,5.26
WPI (YoY),National,Others,WPI,2017-12-31,4.53
WPI Food (YoY),National,Food,WPI,2017-12-31,4.54
WPI Non-Food (YoY),National,Non-Food,WPI,2017-12-31,4.52
SPI (YoY),National,Others,SPI,2017-12-31,5.44
Urban NFNE (YoY),Urban,NFNE,CPI,2017-12-31,5.74
Rural NFNE (YoY),rural,NFNE,CPI,2017-12-31,4.94
National CPI (YoY),National,Others,CPI,2017-11-30,5.03
Urban CPI (YoY),Urban,Others,CPI,2017-11-30,5.43
Rural CPI (YoY),rural,Others,CPI,2017-11-30,4.42
Urban Food CPI (YoY),Urban,Food,CPI,2017-11-30,5.33
Rural Food CPI (YoY),rural,Food,CPI,2017-11-30,3.55
Urban Non-Food CPI (YoY),Urban,Non-Food,CPI,2017-11-30,5.49
Rural Non-Food CPI (YoY),rural,Non-Food,CPI,2017-11-30,5.2
WPI (YoY),National,Others,WPI,2017-11-30,4.23
WPI Food (YoY),National,Food,WPI,2017-11-30,2.89
WPI Non-Food (YoY),National,Non-Food,WPI,2017-11-30,5.09
SPI (YoY),National,Others,SPI,2017-11-30,4.54
Urban NFNE (YoY),Urban,NFNE,CPI,2017-11-30,5.45
Rural NFNE (YoY),rural,NFNE,CPI,2017-11-30,4.84
National CPI (YoY),National,Others,CPI,2017-10-31,4.83
Urban CPI (YoY),Urban,Others,CPI,2017-10-31,5.27
Rural CPI (YoY),rural,Others,CPI,2017-10-31,4.17
Urban Food CPI (YoY),Urban,Food,CPI,2017-10-31,4.99
Rural Food CPI (YoY),rural,Food,CPI,2017-10-31,3.22
Urban Non-Food CPI (YoY),Urban,Non-Food,CPI,2017-10-31,5.43
Rural Non-Food CPI (YoY),rural,Non-Food,CPI,2017-10-31,5.01
WPI (YoY),National,Others,WPI,2017-10-31,3.7
WPI Food (YoY),National,Food,WPI,2017-10-31,2.27
WPI Non-Food (YoY),National,Non-Food,WPI,2017-10-31,4.65
SPI (YoY),National,Others,SPI,2017-10-31,4.42
Urban NFNE (YoY),Urban,NFNE,CPI,2017-10-31,5.46
Rural NFNE (YoY),rural,NFNE,CPI,2017-10-31,4.8
National CPI (YoY),National,Others,CPI,2017-09-30,4.66
Urban CPI (YoY),Urban,Others,CPI,2017-09-30,5.16
Rural CPI (YoY),rural,Others,CPI,2017-09-30,3.91
Urban Food CPI (YoY),Urban,Food,CPI,2017-09-30,4.84
Rural Food CPI (YoY),rural,Food,CPI,2017-09-30,3.16
Urban Non-Food CPI (YoY),Urban,Non-Food,CPI,2017-09-30,5.34
Rural Non-Food CPI (YoY),rural,Non-Food,CPI,2017-09-30,4.56
WPI (YoY),National,Others,WPI,2017-09-30,2.71
WPI Food (YoY),National,Food,WPI,2017-09-30,0.97
WPI Non-Food (YoY),National,Non-Food,WPI,2017-09-30,3.86
SPI (YoY),National,Others,SPI,2017-09-30,4.22
Urban NFNE (YoY),Urban,NFNE,CPI,2017-09-30,5.46
Rural NFNE (YoY),rural,NFNE,CPI,2017-09-30,4.34
National CPI (YoY),National,Others,CPI,2017-08-31,4.39
Urban CPI (YoY),Urban,Others,CPI,2017-08-31,5.06
Rural CPI (YoY),rural,Others,CPI,2017-08-31,3.37
Urban Food CPI (YoY),Urban,Food,CPI,2017-08-31,4.43
Rural Food CPI (YoY),rural,Food,CPI,2017-08-31,2.26
Urban Non-Food CPI (YoY),Urban,Non-Food,CPI,2017-08-31,5.43
Rural Non-Food CPI (YoY),rural,Non-Food,CPI,2017-08-31,4.34
WPI (YoY),National,Others,WPI,2017-08-31,2.02
WPI Food (YoY),National,Food,WPI,2017-08-31,0.83
WPI Non-Food (YoY),National,Non-Food,WPI,2017-08-31,2.79
SPI (YoY),National,Others,SPI,2017-08-31,3.14
Urban NFNE (YoY),Urban,NFNE,CPI,2017-08-31,5.6
Rural NFNE (YoY),rural,NFNE,CPI,2017-08-31,4.23
National CPI (YoY),National,Others,CPI,2017-07-31,3.86
Urban CPI (YoY),Urban,Others,CPI,2017-07-31,4.37
Rural CPI (YoY),rural,Others,CPI,2017-07-31,3.08
Urban Food CPI (YoY),Urban,Food,CPI,2017-07-31,2.45
Rural Food CPI (YoY),rural,Food,CPI,2017-07-31,1.53
Urban Non-Food CPI (YoY),Urban,Non-Food,CPI,2017-07-31,5.51
Rural Non-Food CPI (YoY),rural,Non-Food,CPI,2017-07-31,4.43
WPI (YoY),National,Others,WPI,2017-07-31,1.89
WPI Food (YoY),National,Food,WPI,2017-07-31,0.01
WPI Non-Food (YoY),National,Non-Food,WPI,2017-07-31,3.14
SPI (YoY),National,Others,SPI,2017-07-31,2.15
Urban NFNE (YoY),Urban,NFNE,CPI,2017-07-31,5.67
Rural NFNE (YoY),rural,NFNE,CPI,2017-07-31,4.35
National CPI (YoY),National,Others,CPI,2017-06-30,6.54
Urban CPI (YoY),Urban,Others,CPI,2017-06-30,7.08
Rural CPI (YoY),rural,Others,CPI,2017-06-30,5.73
Urban Food CPI (YoY),Urban,Food,CPI,2017-06-30,5.93
Rural Food CPI (YoY),rural,Food,CPI,2017-06-30,5.1
Urban Non-Food CPI (YoY),Urban,Non-Food,CPI,2017-06-30,7.74
Rural Non-Food CPI (YoY),rural,Non-Food,CPI,2017-06-30,6.26
WPI (YoY),National,Others,WPI,2017-06-30,5.99
WPI Food (YoY),National,Food,WPI,2017-06-30,5.51
WPI Non-Food (YoY),National,Non-Food,WPI,2017-06-30,6.3
SPI (YoY),National,Others,SPI,2017-06-30,1.04
Urban NFNE (YoY),Urban,NFNE,CPI,2017-06-30,8.84
Rural NFNE (YoY),rural,NFNE,CPI,2017-06-30,7.39
National CPI (YoY),National,Others,CPI,2017-05-31,6.36
Urban CPI (YoY),Urban,Others,CPI,2017-05-31,6.86
Rural CPI (YoY),rural,Others,CPI,2017-05-31,5.6
Urban Food CPI (YoY),Urban,Food,CPI,2017-05-31,5.88
Rural Food CPI (YoY),rural,Food,CPI,2017-05-31,4.94
Urban Non-Food CPI (YoY),Urban,Non-Food,CPI,2017-05-31,7.43
Rural Non-Food CPI (YoY),rural,Non-Food,CPI,2017-05-31,6.16
WPI (YoY),National,Others,WPI,2017-05-31,6.08
WPI Food (YoY),National,Food,WPI,2017-05-31,5.34
WPI Non-Food (YoY),National,Non-Food,WPI,2017-05-31,6.58
SPI (YoY),National,Others,SPI,2017-05-31,1.08
Urban NFNE (YoY),Urban,NFNE,CPI,2017-05-31,8.39
Rural NFNE (YoY),rural,NFNE,CPI,2017-05-31,7.18
National CPI (YoY),National,Others,CPI,2017-04-30,6.91
Urban CPI (YoY),Urban,Others,CPI,2017-04-30,7.2
Rural CPI (YoY),rural,Others,CPI,2017-04-30,6.47
Urban Food CPI (YoY),Urban,Food,CPI,2017-04-30,6.96
Rural Food CPI (YoY),rural,Food,CPI,2017-04-30,6.89
Urban Non-Food CPI (YoY),Urban,Non-Food,CPI,2017-04-30,7.34
Rural Non-Food CPI (YoY),rural,Non-Food,CPI,2017-04-30,6.11
WPI (YoY),National,Others,WPI,2017-04-30,6.24
WPI Food (YoY),National,Food,WPI,2017-04-30,6.15
WPI Non-Food (YoY),National,Non-Food,WPI,2017-04-30,6.43
SPI (YoY),National,Others,SPI,2017-04-30,1.58
Urban NFNE (YoY),Urban,NFNE,CPI,2017-04-30,8.23
Rural NFNE (YoY),rural,NFNE,CPI,2017-04-30,7.01
National CPI (YoY),National,Others,CPI,2017-03-31,6.14
Urban CPI (YoY),Urban,Others,CPI,2017-03-31,6.18
Rural CPI (YoY),rural,Others,CPI,2017-03-31,6.09
Urban Food CPI (YoY),Urban,Food,CPI,2017-03-31,6
Rural Food CPI (YoY),rural,Food,CPI,2017-03-31,6.68
Urban Non-Food CPI (YoY),Urban,Non-Food,CPI,2017-03-31,6.27
Rural Non-Food CPI (YoY),rural,Non-Food,CPI,2017-03-31,5.59
WPI (YoY),National,Others,WPI,2017-03-31,5.78
WPI Food (YoY),National,Food,WPI,2017-03-31,5.08
WPI Non-Food (YoY),National,Non-Food,WPI,2017-03-31,6.22
SPI (YoY),National,Others,SPI,2017-03-31,1.94
Urban NFNE (YoY),Urban,NFNE,CPI,2017-03-31,7.14
Rural NFNE (YoY),rural,NFNE,CPI,2017-03-31,6.53
National CPI (YoY),National,Others,CPI,2017-02-28,5.04
Urban CPI (YoY),Urban,Others,CPI,2017-02-28,5.12
Rural CPI (YoY),rural,Others,CPI,2017-02-28,4.91
Urban Food CPI (YoY),Urban,Food,CPI,2017-02-28,3.23
Rural Food CPI (YoY),rural,Food,CPI,2017-02-28,4.19
Urban Non-Food CPI (YoY),Urban,Non-Food,CPI,2017-02-28,6.22
Rural Non-Food CPI (YoY),rural,Non-Food,CPI,2017-02-28,5.53
WPI (YoY),National,Others,WPI,2017-02-28,5.34
WPI Food (YoY),National,Food,WPI,2017-02-28,3.77
WPI Non-Food (YoY),National,Non-Food,WPI,2017-02-28,6.33
SPI (YoY),National,Others,SPI,2017-02-28,-0.44
Urban NFNE (YoY),Urban,NFNE,CPI,2017-02-28,6.99
Rural NFNE (YoY),rural,NFNE,CPI,2017-02-28,6.35
National CPI (YoY),National,Others,CPI,2017-01-31,4.53
Urban CPI (YoY),Urban,Others,CPI,2017-01-31,4.59
Rural CPI (YoY),rural,Others,CPI,2017-01-31,4.44
Urban Food CPI (YoY),Urban,Food,CPI,2017-01-31,2.56
Rural Food CPI (YoY),rural,Food,CPI,2017-01-31,3.71
Urban Non-Food CPI (YoY),Urban,Non-Food,CPI,2017-01-31,5.77
Rural Non-Food CPI (YoY),rural,Non-Food,CPI,2017-01-31,5.06
WPI (YoY),National,Others,WPI,2017-01-31,4.49
WPI Food (YoY),National,Food,WPI,2017-01-31,3.68
WPI Non-Food (YoY),National,Non-Food,WPI,2017-01-31,5
SPI (YoY),National,Others,SPI,2017-01-31,-1.35
Urban NFNE (YoY),Urban,NFNE,CPI,2017-01-31,6.92
Rural NFNE (YoY),rural,NFNE,CPI,2017-01-31,6.24
National CPI (YoY),National,Others,CPI,2016-12-31,4.08
Urban CPI (YoY),Urban,Others,CPI,2016-12-31,3.74
Rural CPI (YoY),rural,Others,CPI,2016-12-31,4.59
Urban Food CPI (YoY),Urban,Food,CPI,2016-12-31,2.74
Rural Food CPI (YoY),rural,Food,CPI,2016-12-31,5.03
Urban Non-Food CPI (YoY),Urban,Non-Food,CPI,2016-12-31,4.33
Rural Non-Food CPI (YoY),rural,Non-Food,CPI,2016-12-31,4.22
WPI (YoY),National,Others,WPI,2016-12-31,3.63
WPI Food (YoY),National,Food,WPI,2016-12-31,3.28
WPI Non-Food (YoY),National,Non-Food,WPI,2016-12-31,3.85
SPI (YoY),National,Others,SPI,2016-12-31,-0.72
Urban NFNE (YoY),Urban,NFNE,CPI,2016-12-31,5.2
Rural NFNE (YoY),rural,NFNE,CPI,2016-12-31,5.18
National CPI (YoY),National,Others,CPI,2016-11-30,4.69
Urban CPI (YoY),Urban,Others,CPI,2016-11-30,4.36
Rural CPI (YoY),rural,Others,CPI,2016-11-30,5.18
Urban Food CPI (YoY),Urban,Food,CPI,2016-11-30,4.76
Rural Food CPI (YoY),rural,Food,CPI,2016-11-30,6.86
Urban Non-Food CPI (YoY),Urban,Non-Food,CPI,2016-11-30,4.13
Rural Non-Food CPI (YoY),rural,Non-Food,CPI,2016-11-30,3.75
WPI (YoY),National,Others,WPI,2016-11-30,3.42
WPI Food (YoY),National,Food,WPI,2016-11-30,4.49
WPI Non-Food (YoY),National,Non-Food,WPI,2016-11-30,2.74
SPI (YoY),National,Others,SPI,2016-11-30,-0.05
Urban NFNE (YoY),Urban,NFNE,CPI,2016-11-30,5.14
Rural NFNE (YoY),rural,NFNE,CPI,2016-11-30,4.95
National CPI (YoY),National,Others,CPI,2016-10-31,4.19
Urban CPI (YoY),Urban,Others,CPI,2016-10-31,3.87
Rural CPI (YoY),rural,Others,CPI,2016-10-31,4.68
Urban Food CPI (YoY),Urban,Food,CPI,2016-10-31,3.93
Rural Food CPI (YoY),rural,Food,CPI,2016-10-31,6.27
Urban Non-Food CPI (YoY),Urban,Non-Food,CPI,2016-10-31,3.83
Rural Non-Food CPI (YoY),rural,Non-Food,CPI,2016-10-31,3.33
WPI (YoY),National,Others,WPI,2016-10-31,2.86
WPI Food (YoY),National,Food,WPI,2016-10-31,4.49
WPI Non-Food (YoY),National,Non-Food,WPI,2016-10-31,1.82
SPI (YoY),National,Others,SPI,2016-10-31,-0.57
Urban NFNE (YoY),Urban,NFNE,CPI,2016-10-31,4.86
Rural NFNE (YoY),rural,NFNE,CPI,2016-10-31,4.66
National CPI (YoY),National,Others,CPI,2016-09-30,3.23
Urban CPI (YoY),Urban,Others,CPI,2016-09-30,3.06
Rural CPI (YoY),rural,Others,CPI,2016-09-30,3.49
Urban Food CPI (YoY),Urban,Food,CPI,2016-09-30,2.9
Rural Food CPI (YoY),rural,Food,CPI,2016-09-30,4.25
Urban Non-Food CPI (YoY),Urban,Non-Food,CPI,2016-09-30,3.16
Rural Non-Food CPI (YoY),rural,Non-Food,CPI,2016-09-30,2.84
WPI (YoY),National,Others,WPI,2016-09-30,2.95
WPI Food (YoY),National,Food,WPI,2016-09-30,4.75
WPI Non-Food (YoY),National,Non-Food,WPI,2016-09-30,1.8
SPI (YoY),National,Others,SPI,2016-09-30,-1.3
Urban NFNE (YoY),Urban,NFNE,CPI,2016-09-30,4.12
Rural NFNE (YoY),rural,NFNE,CPI,2016-09-30,4.16
National CPI (YoY),National,Others,CPI,2016-08-31,2.8
Urban CPI (YoY),Urban,Others,CPI,2016-08-31,2.73
Rural CPI (YoY),rural,Others,CPI,2016-08-31,2.9
Urban Food CPI (YoY),Urban,Food,CPI,2016-08-31,2.68
Rural Food CPI (YoY),rural,Food,CPI,2016-08-31,3.27
Urban Non-Food CPI (YoY),Urban,Non-Food,CPI,2016-08-31,2.76
Rural Non-Food CPI (YoY),rural,Non-Food,CPI,2016-08-31,2.58
WPI (YoY),National,Others,WPI,2016-08-31,3.36
WPI Food (YoY),National,Food,WPI,2016-08-31,4.35
WPI Non-Food (YoY),National,Non-Food,WPI,2016-08-31,2.73
SPI (YoY),National,Others,SPI,2016-08-31,-1.58
Urban NFNE (YoY),Urban,NFNE,CPI,2016-08-31,3.82
Rural NFNE (YoY),rural,NFNE,CPI,2016-08-31,3.95
National CPI (YoY),National,Others,CPI,2016-07-31,3.17
Urban CPI (YoY),Urban,Others,CPI,2016-07-31,3.2
Rural CPI (YoY),rural,Others,CPI,2016-07-31,3.12
Urban Food CPI (YoY),Urban,Food,CPI,2016-07-31,4.32
Rural Food CPI (YoY),rural,Food,CPI,2016-07-31,4.1
Urban Non-Food CPI (YoY),Urban,Non-Food,CPI,2016-07-31,2.55
Rural Non-Food CPI (YoY),rural,Non-Food,CPI,2016-07-31,2.28
WPI (YoY),National,Others,WPI,2016-07-31,3.3
WPI Food (YoY),National,Food,WPI,2016-07-31,5.24
WPI Non-Food (YoY),National,Non-Food,WPI,2016-07-31,2.07
SPI (YoY),National,Others,SPI,2016-07-31,-1.19
Urban NFNE (YoY),Urban,NFNE,CPI,2016-07-31,3.59
Rural NFNE (YoY),rural,NFNE,CPI,2016-07-31,3.6
