"Dataset Name","Observation Date","Series Key","Series Display Name","Observation Value","Unit","Observation Status","Observation Status Comment","Sequence No.","Series name"
"Economic Policy Uncertainty (EPU) Index","31-May-2023","TS_GP_MFS_EPUI_M.EPUI2","A. EPUI-2 Newspapers","250.9226295","Index","Normal","","10","Economic Policy Uncertainty Index-2 Newspapers"
"Economic Policy Uncertainty (EPU) Index","31-May-2023","TS_GP_MFS_EPUI_M.EPUI4","B. EPUI-4 Newspapers","214.2927978","Index","Normal","","20","Economic Policy Uncertainty Index-4 Newspapers"
"Economic Policy Uncertainty (EPU) Index","30-Apr-2023","TS_GP_MFS_EPUI_M.EPUI2","A. EPUI-2 Newspapers","235.3013062","Index","Normal","","10","Economic Policy Uncertainty Index-2 Newspapers"
"Economic Policy Uncertainty (EPU) Index","30-Apr-2023","TS_GP_MFS_EPUI_M.EPUI4","B. EPUI-4 Newspapers","202.3478972","Index","Normal","","20","Economic Policy Uncertainty Index-4 Newspapers"
"Economic Policy Uncertainty (EPU) Index","31-Mar-2023","TS_GP_MFS_EPUI_M.EPUI2","A. EPUI-2 Newspapers","147.7932097","Index","Normal","","10","Economic Policy Uncertainty Index-2 Newspapers"
"Economic Policy Uncertainty (EPU) Index","31-Mar-2023","TS_GP_MFS_EPUI_M.EPUI4","B. EPUI-4 Newspapers","156.511081","Index","Normal","","20","Economic Policy Uncertainty Index-4 Newspapers"
"Economic Policy Uncertainty (EPU) Index","28-Feb-2023","TS_GP_MFS_EPUI_M.EPUI2","A. EPUI-2 Newspapers","190.9063265","Index","Normal","","10","Economic Policy Uncertainty Index-2 Newspapers"
"Economic Policy Uncertainty (EPU) Index","28-Feb-2023","TS_GP_MFS_EPUI_M.EPUI4","B. EPUI-4 Newspapers","170.8355309","Index","Normal","","20","Economic Policy Uncertainty Index-4 Newspapers"
"Economic Policy Uncertainty (EPU) Index","31-Jan-2023","TS_GP_MFS_EPUI_M.EPUI2","A. EPUI-2 Newspapers","215.3463883","Index","Normal","","10","Economic Policy Uncertainty Index-2 Newspapers"
"Economic Policy Uncertainty (EPU) Index","31-Jan-2023","TS_GP_MFS_EPUI_M.EPUI4","B. EPUI-4 Newspapers","224.8847842","Index","Normal","","20","Economic Policy Uncertainty Index-4 Newspapers"
"Economic Policy Uncertainty (EPU) Index","31-Dec-2022","TS_GP_MFS_EPUI_M.EPUI2","A. EPUI-2 Newspapers","243.0497711","Index","Normal","","10","Economic Policy Uncertainty Index-2 Newspapers"
"Economic Policy Uncertainty (EPU) Index","31-Dec-2022","TS_GP_MFS_EPUI_M.EPUI4","B. EPUI-4 Newspapers","223.8176504","Index","Normal","","20","Economic Policy Uncertainty Index-4 Newspapers"
"Economic Policy Uncertainty (EPU) Index","30-Nov-2022","TS_GP_MFS_EPUI_M.EPUI2","A. EPUI-2 Newspapers","181.4057265","Index","Normal","","10","Economic Policy Uncertainty Index-2 Newspapers"
"Economic Policy Uncertainty (EPU) Index","30-Nov-2022","TS_GP_MFS_EPUI_M.EPUI4","B. EPUI-4 Newspapers","163.9212011","Index","Normal","","20","Economic Policy Uncertainty Index-4 Newspapers"
"Economic Policy Uncertainty (EPU) Index","31-Oct-2022","TS_GP_MFS_EPUI_M.EPUI2","A. EPUI-2 Newspapers","163.6286022","Index","Normal","","10","Economic Policy Uncertainty Index-2 Newspapers"
"Economic Policy Uncertainty (EPU) Index","31-Oct-2022","TS_GP_MFS_EPUI_M.EPUI4","B. EPUI-4 Newspapers","137.1757648","Index","Normal","","20","Economic Policy Uncertainty Index-4 Newspapers"
"Economic Policy Uncertainty (EPU) Index","30-Sep-2022","TS_GP_MFS_EPUI_M.EPUI2","A. EPUI-2 Newspapers","152.3890508","Index","Normal","","10","Economic Policy Uncertainty Index-2 Newspapers"
"Economic Policy Uncertainty (EPU) Index","30-Sep-2022","TS_GP_MFS_EPUI_M.EPUI4","B. EPUI-4 Newspapers","137.6429436","Index","Normal","","20","Economic Policy Uncertainty Index-4 Newspapers"
"Economic Policy Uncertainty (EPU) Index","31-Aug-2022","TS_GP_MFS_EPUI_M.EPUI2","A. EPUI-2 Newspapers","216.5568293","Index","Normal","","10","Economic Policy Uncertainty Index-2 Newspapers"
"Economic Policy Uncertainty (EPU) Index","31-Aug-2022","TS_GP_MFS_EPUI_M.EPUI4","B. EPUI-4 Newspapers","181.0828817","Index","Normal","","20","Economic Policy Uncertainty Index-4 Newspapers"
"Economic Policy Uncertainty (EPU) Index","31-Jul-2022","TS_GP_MFS_EPUI_M.EPUI2","A. EPUI-2 Newspapers","305.0214296","Index","Normal","","10","Economic Policy Uncertainty Index-2 Newspapers"
"Economic Policy Uncertainty (EPU) Index","31-Jul-2022","TS_GP_MFS_EPUI_M.EPUI4","B. EPUI-4 Newspapers","274.217786","Index","Normal","","20","Economic Policy Uncertainty Index-4 Newspapers"
"Economic Policy Uncertainty (EPU) Index","30-Jun-2022","TS_GP_MFS_EPUI_M.EPUI2","A. EPUI-2 Newspapers","214.3017297","Index","Normal","","10","Economic Policy Uncertainty Index-2 Newspapers"
"Economic Policy Uncertainty (EPU) Index","30-Jun-2022","TS_GP_MFS_EPUI_M.EPUI4","B. EPUI-4 Newspapers","191.1955456","Index","Normal","","20","Economic Policy Uncertainty Index-4 Newspapers"
"Economic Policy Uncertainty (EPU) Index","31-May-2022","TS_GP_MFS_EPUI_M.EPUI2","A. EPUI-2 Newspapers","338.8915883","Index","Normal","","10","Economic Policy Uncertainty Index-2 Newspapers"
"Economic Policy Uncertainty (EPU) Index","31-May-2022","TS_GP_MFS_EPUI_M.EPUI4","B. EPUI-4 Newspapers","318.2649463","Index","Normal","","20","Economic Policy Uncertainty Index-4 Newspapers"
"Economic Policy Uncertainty (EPU) Index","30-Apr-2022","TS_GP_MFS_EPUI_M.EPUI2","A. EPUI-2 Newspapers","247.4884324","Index","Normal","","10","Economic Policy Uncertainty Index-2 Newspapers"
"Economic Policy Uncertainty (EPU) Index","30-Apr-2022","TS_GP_MFS_EPUI_M.EPUI4","B. EPUI-4 Newspapers","268.4306788","Index","Normal","","20","Economic Policy Uncertainty Index-4 Newspapers"
"Economic Policy Uncertainty (EPU) Index","31-Mar-2022","TS_GP_MFS_EPUI_M.EPUI2","A. EPUI-2 Newspapers","198.0213755","Index","Normal","","10","Economic Policy Uncertainty Index-2 Newspapers"
"Economic Policy Uncertainty (EPU) Index","31-Mar-2022","TS_GP_MFS_EPUI_M.EPUI4","B. EPUI-4 Newspapers","171.5450337","Index","Normal","","20","Economic Policy Uncertainty Index-4 Newspapers"
"Economic Policy Uncertainty (EPU) Index","28-Feb-2022","TS_GP_MFS_EPUI_M.EPUI2","A. EPUI-2 Newspapers","87.94933547","Index","Normal","","10","Economic Policy Uncertainty Index-2 Newspapers"
"Economic Policy Uncertainty (EPU) Index","28-Feb-2022","TS_GP_MFS_EPUI_M.EPUI4","B. EPUI-4 Newspapers","84.42822769","Index","Normal","","20","Economic Policy Uncertainty Index-4 Newspapers"
"Economic Policy Uncertainty (EPU) Index","31-Jan-2022","TS_GP_MFS_EPUI_M.EPUI2","A. EPUI-2 Newspapers","115.1879369","Index","Normal","","10","Economic Policy Uncertainty Index-2 Newspapers"
"Economic Policy Uncertainty (EPU) Index","31-Jan-2022","TS_GP_MFS_EPUI_M.EPUI4","B. EPUI-4 Newspapers","96.84324819","Index","Normal","","20","Economic Policy Uncertainty Index-4 Newspapers"
"Economic Policy Uncertainty (EPU) Index","31-Dec-2021","TS_GP_MFS_EPUI_M.EPUI2","A. EPUI-2 Newspapers","129.5586449","Index","Normal","","10","Economic Policy Uncertainty Index-2 Newspapers"
"Economic Policy Uncertainty (EPU) Index","31-Dec-2021","TS_GP_MFS_EPUI_M.EPUI4","B. EPUI-4 Newspapers","111.3937295","Index","Normal","","20","Economic Policy Uncertainty Index-4 Newspapers"
"Economic Policy Uncertainty (EPU) Index","30-Nov-2021","TS_GP_MFS_EPUI_M.EPUI2","A. EPUI-2 Newspapers","92.50582123","Index","Normal","","10","Economic Policy Uncertainty Index-2 Newspapers"
"Economic Policy Uncertainty (EPU) Index","30-Nov-2021","TS_GP_MFS_EPUI_M.EPUI4","B. EPUI-4 Newspapers","107.3708087","Index","Normal","","20","Economic Policy Uncertainty Index-4 Newspapers"
"Economic Policy Uncertainty (EPU) Index","31-Oct-2021","TS_GP_MFS_EPUI_M.EPUI2","A. EPUI-2 Newspapers","142.4632267","Index","Normal","","10","Economic Policy Uncertainty Index-2 Newspapers"
"Economic Policy Uncertainty (EPU) Index","31-Oct-2021","TS_GP_MFS_EPUI_M.EPUI4","B. EPUI-4 Newspapers","126.759533","Index","Normal","","20","Economic Policy Uncertainty Index-4 Newspapers"
"Economic Policy Uncertainty (EPU) Index","30-Sep-2021","TS_GP_MFS_EPUI_M.EPUI2","A. EPUI-2 Newspapers","103.8129825","Index","Normal","","10","Economic Policy Uncertainty Index-2 Newspapers"
"Economic Policy Uncertainty (EPU) Index","30-Sep-2021","TS_GP_MFS_EPUI_M.EPUI4","B. EPUI-4 Newspapers","129.7540365","Index","Normal","","20","Economic Policy Uncertainty Index-4 Newspapers"
"Economic Policy Uncertainty (EPU) Index","31-Aug-2021","TS_GP_MFS_EPUI_M.EPUI2","A. EPUI-2 Newspapers","133.9096393","Index","Normal","","10","Economic Policy Uncertainty Index-2 Newspapers"
"Economic Policy Uncertainty (EPU) Index","31-Aug-2021","TS_GP_MFS_EPUI_M.EPUI4","B. EPUI-4 Newspapers","116.3223159","Index","Normal","","20","Economic Policy Uncertainty Index-4 Newspapers"
"Economic Policy Uncertainty (EPU) Index","31-Jul-2021","TS_GP_MFS_EPUI_M.EPUI2","A. EPUI-2 Newspapers","57.0833761","Index","Normal","","10","Economic Policy Uncertainty Index-2 Newspapers"
"Economic Policy Uncertainty (EPU) Index","31-Jul-2021","TS_GP_MFS_EPUI_M.EPUI4","B. EPUI-4 Newspapers","62.72463777","Index","Normal","","20","Economic Policy Uncertainty Index-4 Newspapers"
"Economic Policy Uncertainty (EPU) Index","30-Jun-2021","TS_GP_MFS_EPUI_M.EPUI2","A. EPUI-2 Newspapers","102.134528","Index","Normal","","10","Economic Policy Uncertainty Index-2 Newspapers"
"Economic Policy Uncertainty (EPU) Index","30-Jun-2021","TS_GP_MFS_EPUI_M.EPUI4","B. EPUI-4 Newspapers","88.06971556","Index","Normal","","20","Economic Policy Uncertainty Index-4 Newspapers"
"Economic Policy Uncertainty (EPU) Index","31-May-2021","TS_GP_MFS_EPUI_M.EPUI2","A. EPUI-2 Newspapers","74.87497418","Index","Normal","","10","Economic Policy Uncertainty Index-2 Newspapers"
"Economic Policy Uncertainty (EPU) Index","31-May-2021","TS_GP_MFS_EPUI_M.EPUI4","B. EPUI-4 Newspapers","82.16083526","Index","Normal","","20","Economic Policy Uncertainty Index-4 Newspapers"
"Economic Policy Uncertainty (EPU) Index","30-Apr-2021","TS_GP_MFS_EPUI_M.EPUI2","A. EPUI-2 Newspapers","127.195812","Index","Normal","","10","Economic Policy Uncertainty Index-2 Newspapers"
"Economic Policy Uncertainty (EPU) Index","30-Apr-2021","TS_GP_MFS_EPUI_M.EPUI4","B. EPUI-4 Newspapers","103.7610928","Index","Normal","","20","Economic Policy Uncertainty Index-4 Newspapers"
"Economic Policy Uncertainty (EPU) Index","31-Mar-2021","TS_GP_MFS_EPUI_M.EPUI2","A. EPUI-2 Newspapers","110.5033917","Index","Normal","","10","Economic Policy Uncertainty Index-2 Newspapers"
"Economic Policy Uncertainty (EPU) Index","31-Mar-2021","TS_GP_MFS_EPUI_M.EPUI4","B. EPUI-4 Newspapers","101.2986035","Index","Normal","","20","Economic Policy Uncertainty Index-4 Newspapers"
"Economic Policy Uncertainty (EPU) Index","28-Feb-2021","TS_GP_MFS_EPUI_M.EPUI2","A. EPUI-2 Newspapers","50.00406746","Index","Normal","","10","Economic Policy Uncertainty Index-2 Newspapers"
"Economic Policy Uncertainty (EPU) Index","28-Feb-2021","TS_GP_MFS_EPUI_M.EPUI4","B. EPUI-4 Newspapers","54.8598371","Index","Normal","","20","Economic Policy Uncertainty Index-4 Newspapers"
"Economic Policy Uncertainty (EPU) Index","31-Jan-2021","TS_GP_MFS_EPUI_M.EPUI2","A. EPUI-2 Newspapers","103.2062958","Index","Normal","","10","Economic Policy Uncertainty Index-2 Newspapers"
"Economic Policy Uncertainty (EPU) Index","31-Jan-2021","TS_GP_MFS_EPUI_M.EPUI4","B. EPUI-4 Newspapers","91.88195226","Index","Normal","","20","Economic Policy Uncertainty Index-4 Newspapers"
"Economic Policy Uncertainty (EPU) Index","31-Dec-2020","TS_GP_MFS_EPUI_M.EPUI2","A. EPUI-2 Newspapers","96.32853248","Index","Normal","","10","Economic Policy Uncertainty Index-2 Newspapers"
"Economic Policy Uncertainty (EPU) Index","31-Dec-2020","TS_GP_MFS_EPUI_M.EPUI4","B. EPUI-4 Newspapers","105.7013276","Index","Normal","","20","Economic Policy Uncertainty Index-4 Newspapers"
"Economic Policy Uncertainty (EPU) Index","30-Nov-2020","TS_GP_MFS_EPUI_M.EPUI2","A. EPUI-2 Newspapers","116.0515948","Index","Normal","","10","Economic Policy Uncertainty Index-2 Newspapers"
"Economic Policy Uncertainty (EPU) Index","30-Nov-2020","TS_GP_MFS_EPUI_M.EPUI4","B. EPUI-4 Newspapers","99.84239959","Index","Normal","","20","Economic Policy Uncertainty Index-4 Newspapers"
"Economic Policy Uncertainty (EPU) Index","31-Oct-2020","TS_GP_MFS_EPUI_M.EPUI2","A. EPUI-2 Newspapers","146.5036277","Index","Normal","","10","Economic Policy Uncertainty Index-2 Newspapers"
"Economic Policy Uncertainty (EPU) Index","31-Oct-2020","TS_GP_MFS_EPUI_M.EPUI4","B. EPUI-4 Newspapers","123.485248","Index","Normal","","20","Economic Policy Uncertainty Index-4 Newspapers"
"Economic Policy Uncertainty (EPU) Index","30-Sep-2020","TS_GP_MFS_EPUI_M.EPUI2","A. EPUI-2 Newspapers","127.9455573","Index","Normal","","10","Economic Policy Uncertainty Index-2 Newspapers"
"Economic Policy Uncertainty (EPU) Index","30-Sep-2020","TS_GP_MFS_EPUI_M.EPUI4","B. EPUI-4 Newspapers","99.23655018","Index","Normal","","20","Economic Policy Uncertainty Index-4 Newspapers"
"Economic Policy Uncertainty (EPU) Index","31-Aug-2020","TS_GP_MFS_EPUI_M.EPUI2","A. EPUI-2 Newspapers","130.2750678","Index","Normal","","10","Economic Policy Uncertainty Index-2 Newspapers"
"Economic Policy Uncertainty (EPU) Index","31-Aug-2020","TS_GP_MFS_EPUI_M.EPUI4","B. EPUI-4 Newspapers","114.2353869","Index","Normal","","20","Economic Policy Uncertainty Index-4 Newspapers"
"Economic Policy Uncertainty (EPU) Index","31-Jul-2020","TS_GP_MFS_EPUI_M.EPUI2","A. EPUI-2 Newspapers","103.2873756","Index","Normal","","10","Economic Policy Uncertainty Index-2 Newspapers"
"Economic Policy Uncertainty (EPU) Index","31-Jul-2020","TS_GP_MFS_EPUI_M.EPUI4","B. EPUI-4 Newspapers","101.3295031","Index","Normal","","20","Economic Policy Uncertainty Index-4 Newspapers"
"Economic Policy Uncertainty (EPU) Index","30-Jun-2020","TS_GP_MFS_EPUI_M.EPUI2","A. EPUI-2 Newspapers","120.6554705","Index","Normal","","10","Economic Policy Uncertainty Index-2 Newspapers"
"Economic Policy Uncertainty (EPU) Index","30-Jun-2020","TS_GP_MFS_EPUI_M.EPUI4","B. EPUI-4 Newspapers","151.7348037","Index","Normal","","20","Economic Policy Uncertainty Index-4 Newspapers"
"Economic Policy Uncertainty (EPU) Index","31-May-2020","TS_GP_MFS_EPUI_M.EPUI2","A. EPUI-2 Newspapers","174.271843","Index","Normal","","10","Economic Policy Uncertainty Index-2 Newspapers"
"Economic Policy Uncertainty (EPU) Index","31-May-2020","TS_GP_MFS_EPUI_M.EPUI4","B. EPUI-4 Newspapers","134.5491713","Index","Normal","","20","Economic Policy Uncertainty Index-4 Newspapers"
"Economic Policy Uncertainty (EPU) Index","30-Apr-2020","TS_GP_MFS_EPUI_M.EPUI2","A. EPUI-2 Newspapers","220.0305356","Index","Normal","","10","Economic Policy Uncertainty Index-2 Newspapers"
"Economic Policy Uncertainty (EPU) Index","30-Apr-2020","TS_GP_MFS_EPUI_M.EPUI4","B. EPUI-4 Newspapers","173.6452942","Index","Normal","","20","Economic Policy Uncertainty Index-4 Newspapers"
"Economic Policy Uncertainty (EPU) Index","31-Mar-2020","TS_GP_MFS_EPUI_M.EPUI2","A. EPUI-2 Newspapers","143.6371063","Index","Normal","","10","Economic Policy Uncertainty Index-2 Newspapers"
"Economic Policy Uncertainty (EPU) Index","31-Mar-2020","TS_GP_MFS_EPUI_M.EPUI4","B. EPUI-4 Newspapers","129.6728424","Index","Normal","","20","Economic Policy Uncertainty Index-4 Newspapers"
"Economic Policy Uncertainty (EPU) Index","29-Feb-2020","TS_GP_MFS_EPUI_M.EPUI2","A. EPUI-2 Newspapers","100.1873616","Index","Normal","","10","Economic Policy Uncertainty Index-2 Newspapers"
"Economic Policy Uncertainty (EPU) Index","29-Feb-2020","TS_GP_MFS_EPUI_M.EPUI4","B. EPUI-4 Newspapers","74.8925593","Index","Normal","","20","Economic Policy Uncertainty Index-4 Newspapers"
"Economic Policy Uncertainty (EPU) Index","31-Jan-2020","TS_GP_MFS_EPUI_M.EPUI2","A. EPUI-2 Newspapers","102.6401106","Index","Normal","","10","Economic Policy Uncertainty Index-2 Newspapers"
"Economic Policy Uncertainty (EPU) Index","31-Jan-2020","TS_GP_MFS_EPUI_M.EPUI4","B. EPUI-4 Newspapers","80.45966373","Index","Normal","","20","Economic Policy Uncertainty Index-4 Newspapers"
"Economic Policy Uncertainty (EPU) Index","31-Dec-2019","TS_GP_MFS_EPUI_M.EPUI2","A. EPUI-2 Newspapers","94.29916171","Index","Normal","","10","Economic Policy Uncertainty Index-2 Newspapers"
"Economic Policy Uncertainty (EPU) Index","31-Dec-2019","TS_GP_MFS_EPUI_M.EPUI4","B. EPUI-4 Newspapers","76.11556936","Index","Normal","","20","Economic Policy Uncertainty Index-4 Newspapers"
"Economic Policy Uncertainty (EPU) Index","30-Nov-2019","TS_GP_MFS_EPUI_M.EPUI2","A. EPUI-2 Newspapers","87.64478759","Index","Normal","","10","Economic Policy Uncertainty Index-2 Newspapers"
"Economic Policy Uncertainty (EPU) Index","30-Nov-2019","TS_GP_MFS_EPUI_M.EPUI4","B. EPUI-4 Newspapers","75.8377002","Index","Normal","","20","Economic Policy Uncertainty Index-4 Newspapers"
"Economic Policy Uncertainty (EPU) Index","31-Oct-2019","TS_GP_MFS_EPUI_M.EPUI2","A. EPUI-2 Newspapers","93.32493978","Index","Normal","","10","Economic Policy Uncertainty Index-2 Newspapers"
"Economic Policy Uncertainty (EPU) Index","31-Oct-2019","TS_GP_MFS_EPUI_M.EPUI4","B. EPUI-4 Newspapers","96.56076394","Index","Normal","","20","Economic Policy Uncertainty Index-4 Newspapers"
"Economic Policy Uncertainty (EPU) Index","30-Sep-2019","TS_GP_MFS_EPUI_M.EPUI2","A. EPUI-2 Newspapers","111.9283884","Index","Normal","","10","Economic Policy Uncertainty Index-2 Newspapers"
"Economic Policy Uncertainty (EPU) Index","30-Sep-2019","TS_GP_MFS_EPUI_M.EPUI4","B. EPUI-4 Newspapers","89.53435239","Index","Normal","","20","Economic Policy Uncertainty Index-4 Newspapers"
"Economic Policy Uncertainty (EPU) Index","31-Aug-2019","TS_GP_MFS_EPUI_M.EPUI2","A. EPUI-2 Newspapers","94.71479738","Index","Normal","","10","Economic Policy Uncertainty Index-2 Newspapers"
"Economic Policy Uncertainty (EPU) Index","31-Aug-2019","TS_GP_MFS_EPUI_M.EPUI4","B. EPUI-4 Newspapers","88.82611003","Index","Normal","","20","Economic Policy Uncertainty Index-4 Newspapers"
"Economic Policy Uncertainty (EPU) Index","31-Jul-2019","TS_GP_MFS_EPUI_M.EPUI2","A. EPUI-2 Newspapers","160.2732208","Index","Normal","","10","Economic Policy Uncertainty Index-2 Newspapers"
"Economic Policy Uncertainty (EPU) Index","31-Jul-2019","TS_GP_MFS_EPUI_M.EPUI4","B. EPUI-4 Newspapers","138.0204032","Index","Normal","","20","Economic Policy Uncertainty Index-4 Newspapers"
"Economic Policy Uncertainty (EPU) Index","30-Jun-2019","TS_GP_MFS_EPUI_M.EPUI2","A. EPUI-2 Newspapers","140.8280764","Index","Normal","","10","Economic Policy Uncertainty Index-2 Newspapers"
"Economic Policy Uncertainty (EPU) Index","30-Jun-2019","TS_GP_MFS_EPUI_M.EPUI4","B. EPUI-4 Newspapers","120.6740656","Index","Normal","","20","Economic Policy Uncertainty Index-4 Newspapers"
"Economic Policy Uncertainty (EPU) Index","31-May-2019","TS_GP_MFS_EPUI_M.EPUI2","A. EPUI-2 Newspapers","123.0812689","Index","Normal","","10","Economic Policy Uncertainty Index-2 Newspapers"
"Economic Policy Uncertainty (EPU) Index","31-May-2019","TS_GP_MFS_EPUI_M.EPUI4","B. EPUI-4 Newspapers","114.2578866","Index","Normal","","20","Economic Policy Uncertainty Index-4 Newspapers"
"Economic Policy Uncertainty (EPU) Index","30-Apr-2019","TS_GP_MFS_EPUI_M.EPUI2","A. EPUI-2 Newspapers","98.54215076","Index","Normal","","10","Economic Policy Uncertainty Index-2 Newspapers"
"Economic Policy Uncertainty (EPU) Index","30-Apr-2019","TS_GP_MFS_EPUI_M.EPUI4","B. EPUI-4 Newspapers","111.7424206","Index","Normal","","20","Economic Policy Uncertainty Index-4 Newspapers"
"Economic Policy Uncertainty (EPU) Index","31-Mar-2019","TS_GP_MFS_EPUI_M.EPUI2","A. EPUI-2 Newspapers","78.41117667","Index","Normal","","10","Economic Policy Uncertainty Index-2 Newspapers"
"Economic Policy Uncertainty (EPU) Index","31-Mar-2019","TS_GP_MFS_EPUI_M.EPUI4","B. EPUI-4 Newspapers","67.59097784","Index","Normal","","20","Economic Policy Uncertainty Index-4 Newspapers"
"Economic Policy Uncertainty (EPU) Index","28-Feb-2019","TS_GP_MFS_EPUI_M.EPUI2","A. EPUI-2 Newspapers","104.1776165","Index","Normal","","10","Economic Policy Uncertainty Index-2 Newspapers"
"Economic Policy Uncertainty (EPU) Index","28-Feb-2019","TS_GP_MFS_EPUI_M.EPUI4","B. EPUI-4 Newspapers","95.39718073","Index","Normal","","20","Economic Policy Uncertainty Index-4 Newspapers"
"Economic Policy Uncertainty (EPU) Index","31-Jan-2019","TS_GP_MFS_EPUI_M.EPUI2","A. EPUI-2 Newspapers","138.6366395","Index","Normal","","10","Economic Policy Uncertainty Index-2 Newspapers"
"Economic Policy Uncertainty (EPU) Index","31-Jan-2019","TS_GP_MFS_EPUI_M.EPUI4","B. EPUI-4 Newspapers","122.0646738","Index","Normal","","20","Economic Policy Uncertainty Index-4 Newspapers"
"Economic Policy Uncertainty (EPU) Index","31-Dec-2018","TS_GP_MFS_EPUI_M.EPUI2","A. EPUI-2 Newspapers","91.96756526","Index","Normal","","10","Economic Policy Uncertainty Index-2 Newspapers"
"Economic Policy Uncertainty (EPU) Index","31-Dec-2018","TS_GP_MFS_EPUI_M.EPUI4","B. EPUI-4 Newspapers","97.51549261","Index","Normal","","20","Economic Policy Uncertainty Index-4 Newspapers"
"Economic Policy Uncertainty (EPU) Index","30-Nov-2018","TS_GP_MFS_EPUI_M.EPUI2","A. EPUI-2 Newspapers","117.1628981","Index","Normal","","10","Economic Policy Uncertainty Index-2 Newspapers"
"Economic Policy Uncertainty (EPU) Index","30-Nov-2018","TS_GP_MFS_EPUI_M.EPUI4","B. EPUI-4 Newspapers","102.1976341","Index","Normal","","20","Economic Policy Uncertainty Index-4 Newspapers"
"Economic Policy Uncertainty (EPU) Index","31-Oct-2018","TS_GP_MFS_EPUI_M.EPUI2","A. EPUI-2 Newspapers","82.91047172","Index","Normal","","10","Economic Policy Uncertainty Index-2 Newspapers"
"Economic Policy Uncertainty (EPU) Index","31-Oct-2018","TS_GP_MFS_EPUI_M.EPUI4","B. EPUI-4 Newspapers","97.31986393","Index","Normal","","20","Economic Policy Uncertainty Index-4 Newspapers"
"Economic Policy Uncertainty (EPU) Index","30-Sep-2018","TS_GP_MFS_EPUI_M.EPUI2","A. EPUI-2 Newspapers","95.72843459","Index","Normal","","10","Economic Policy Uncertainty Index-2 Newspapers"
"Economic Policy Uncertainty (EPU) Index","30-Sep-2018","TS_GP_MFS_EPUI_M.EPUI4","B. EPUI-4 Newspapers","81.39198212","Index","Normal","","20","Economic Policy Uncertainty Index-4 Newspapers"
"Economic Policy Uncertainty (EPU) Index","31-Aug-2018","TS_GP_MFS_EPUI_M.EPUI2","A. EPUI-2 Newspapers","59.52383238","Index","Normal","","10","Economic Policy Uncertainty Index-2 Newspapers"
"Economic Policy Uncertainty (EPU) Index","31-Aug-2018","TS_GP_MFS_EPUI_M.EPUI4","B. EPUI-4 Newspapers","59.58497146","Index","Normal","","20","Economic Policy Uncertainty Index-4 Newspapers"
"Economic Policy Uncertainty (EPU) Index","31-Jul-2018","TS_GP_MFS_EPUI_M.EPUI2","A. EPUI-2 Newspapers","77.85096699","Index","Normal","","10","Economic Policy Uncertainty Index-2 Newspapers"
"Economic Policy Uncertainty (EPU) Index","31-Jul-2018","TS_GP_MFS_EPUI_M.EPUI4","B. EPUI-4 Newspapers","82.11670131","Index","Normal","","20","Economic Policy Uncertainty Index-4 Newspapers"
"Economic Policy Uncertainty (EPU) Index","30-Jun-2018","TS_GP_MFS_EPUI_M.EPUI2","A. EPUI-2 Newspapers","79.57753802","Index","Normal","","10","Economic Policy Uncertainty Index-2 Newspapers"
"Economic Policy Uncertainty (EPU) Index","30-Jun-2018","TS_GP_MFS_EPUI_M.EPUI4","B. EPUI-4 Newspapers","82.41846389","Index","Normal","","20","Economic Policy Uncertainty Index-4 Newspapers"
"Economic Policy Uncertainty (EPU) Index","31-May-2018","TS_GP_MFS_EPUI_M.EPUI2","A. EPUI-2 Newspapers","65.39739935","Index","Normal","","10","Economic Policy Uncertainty Index-2 Newspapers"
"Economic Policy Uncertainty (EPU) Index","31-May-2018","TS_GP_MFS_EPUI_M.EPUI4","B. EPUI-4 Newspapers","83.32173686","Index","Normal","","20","Economic Policy Uncertainty Index-4 Newspapers"
"Economic Policy Uncertainty (EPU) Index","30-Apr-2018","TS_GP_MFS_EPUI_M.EPUI2","A. EPUI-2 Newspapers","117.6125646","Index","Normal","","10","Economic Policy Uncertainty Index-2 Newspapers"
"Economic Policy Uncertainty (EPU) Index","30-Apr-2018","TS_GP_MFS_EPUI_M.EPUI4","B. EPUI-4 Newspapers","87.45539149","Index","Normal","","20","Economic Policy Uncertainty Index-4 Newspapers"
"Economic Policy Uncertainty (EPU) Index","31-Mar-2018","TS_GP_MFS_EPUI_M.EPUI2","A. EPUI-2 Newspapers","89.75630895","Index","Normal","","10","Economic Policy Uncertainty Index-2 Newspapers"
"Economic Policy Uncertainty (EPU) Index","31-Mar-2018","TS_GP_MFS_EPUI_M.EPUI4","B. EPUI-4 Newspapers","88.37951069","Index","Normal","","20","Economic Policy Uncertainty Index-4 Newspapers"
"Economic Policy Uncertainty (EPU) Index","28-Feb-2018","TS_GP_MFS_EPUI_M.EPUI2","A. EPUI-2 Newspapers","63.27085571","Index","Normal","","10","Economic Policy Uncertainty Index-2 Newspapers"
"Economic Policy Uncertainty (EPU) Index","28-Feb-2018","TS_GP_MFS_EPUI_M.EPUI4","B. EPUI-4 Newspapers","46.59748629","Index","Normal","","20","Economic Policy Uncertainty Index-4 Newspapers"
"Economic Policy Uncertainty (EPU) Index","31-Jan-2018","TS_GP_MFS_EPUI_M.EPUI2","A. EPUI-2 Newspapers","76.08044193","Index","Normal","","10","Economic Policy Uncertainty Index-2 Newspapers"
"Economic Policy Uncertainty (EPU) Index","31-Jan-2018","TS_GP_MFS_EPUI_M.EPUI4","B. EPUI-4 Newspapers","82.32672879","Index","Normal","","20","Economic Policy Uncertainty Index-4 Newspapers"
"Economic Policy Uncertainty (EPU) Index","31-Dec-2017","TS_GP_MFS_EPUI_M.EPUI2","A. EPUI-2 Newspapers","85.15507403","Index","Normal","","10","Economic Policy Uncertainty Index-2 Newspapers"
"Economic Policy Uncertainty (EPU) Index","31-Dec-2017","TS_GP_MFS_EPUI_M.EPUI4","B. EPUI-4 Newspapers","86.34655362","Index","Normal","","20","Economic Policy Uncertainty Index-4 Newspapers"
"Economic Policy Uncertainty (EPU) Index","30-Nov-2017","TS_GP_MFS_EPUI_M.EPUI2","A. EPUI-2 Newspapers","94.92608229","Index","Normal","","10","Economic Policy Uncertainty Index-2 Newspapers"
"Economic Policy Uncertainty (EPU) Index","30-Nov-2017","TS_GP_MFS_EPUI_M.EPUI4","B. EPUI-4 Newspapers","82.5264667","Index","Normal","","20","Economic Policy Uncertainty Index-4 Newspapers"
"Economic Policy Uncertainty (EPU) Index","31-Oct-2017","TS_GP_MFS_EPUI_M.EPUI2","A. EPUI-2 Newspapers","173.9583723","Index","Normal","","10","Economic Policy Uncertainty Index-2 Newspapers"
"Economic Policy Uncertainty (EPU) Index","31-Oct-2017","TS_GP_MFS_EPUI_M.EPUI4","B. EPUI-4 Newspapers","132.3248459","Index","Normal","","20","Economic Policy Uncertainty Index-4 Newspapers"
"Economic Policy Uncertainty (EPU) Index","30-Sep-2017","TS_GP_MFS_EPUI_M.EPUI2","A. EPUI-2 Newspapers","71.64884603","Index","Normal","","10","Economic Policy Uncertainty Index-2 Newspapers"
"Economic Policy Uncertainty (EPU) Index","30-Sep-2017","TS_GP_MFS_EPUI_M.EPUI4","B. EPUI-4 Newspapers","73.56922281","Index","Normal","","20","Economic Policy Uncertainty Index-4 Newspapers"
"Economic Policy Uncertainty (EPU) Index","31-Aug-2017","TS_GP_MFS_EPUI_M.EPUI2","A. EPUI-2 Newspapers","101.7150714","Index","Normal","","10","Economic Policy Uncertainty Index-2 Newspapers"
"Economic Policy Uncertainty (EPU) Index","31-Aug-2017","TS_GP_MFS_EPUI_M.EPUI4","B. EPUI-4 Newspapers","89.2594654","Index","Normal","","20","Economic Policy Uncertainty Index-4 Newspapers"
"Economic Policy Uncertainty (EPU) Index","31-Jul-2017","TS_GP_MFS_EPUI_M.EPUI2","A. EPUI-2 Newspapers","116.4959484","Index","Normal","","10","Economic Policy Uncertainty Index-2 Newspapers"
"Economic Policy Uncertainty (EPU) Index","31-Jul-2017","TS_GP_MFS_EPUI_M.EPUI4","B. EPUI-4 Newspapers","109.567935","Index","Normal","","20","Economic Policy Uncertainty Index-4 Newspapers"
"Economic Policy Uncertainty (EPU) Index","30-Jun-2017","TS_GP_MFS_EPUI_M.EPUI2","A. EPUI-2 Newspapers","40.55350358","Index","Normal","","10","Economic Policy Uncertainty Index-2 Newspapers"
"Economic Policy Uncertainty (EPU) Index","30-Jun-2017","TS_GP_MFS_EPUI_M.EPUI4","B. EPUI-4 Newspapers","50.32635825","Index","Normal","","20","Economic Policy Uncertainty Index-4 Newspapers"
"Economic Policy Uncertainty (EPU) Index","31-May-2017","TS_GP_MFS_EPUI_M.EPUI2","A. EPUI-2 Newspapers","90.04575619","Index","Normal","","10","Economic Policy Uncertainty Index-2 Newspapers"
"Economic Policy Uncertainty (EPU) Index","31-May-2017","TS_GP_MFS_EPUI_M.EPUI4","B. EPUI-4 Newspapers","78.37689377","Index","Normal","","20","Economic Policy Uncertainty Index-4 Newspapers"
"Economic Policy Uncertainty (EPU) Index","30-Apr-2017","TS_GP_MFS_EPUI_M.EPUI2","A. EPUI-2 Newspapers","67.74840018","Index","Normal","","10","Economic Policy Uncertainty Index-2 Newspapers"
"Economic Policy Uncertainty (EPU) Index","30-Apr-2017","TS_GP_MFS_EPUI_M.EPUI4","B. EPUI-4 Newspapers","57.56711006","Index","Normal","","20","Economic Policy Uncertainty Index-4 Newspapers"
"Economic Policy Uncertainty (EPU) Index","31-Mar-2017","TS_GP_MFS_EPUI_M.EPUI2","A. EPUI-2 Newspapers","68.23758304","Index","Normal","","10","Economic Policy Uncertainty Index-2 Newspapers"
"Economic Policy Uncertainty (EPU) Index","31-Mar-2017","TS_GP_MFS_EPUI_M.EPUI4","B. EPUI-4 Newspapers","46.36174509","Index","Normal","","20","Economic Policy Uncertainty Index-4 Newspapers"
"Economic Policy Uncertainty (EPU) Index","28-Feb-2017","TS_GP_MFS_EPUI_M.EPUI2","A. EPUI-2 Newspapers","59.64098757","Index","Normal","","10","Economic Policy Uncertainty Index-2 Newspapers"
"Economic Policy Uncertainty (EPU) Index","28-Feb-2017","TS_GP_MFS_EPUI_M.EPUI4","B. EPUI-4 Newspapers","41.43847413","Index","Normal","","20","Economic Policy Uncertainty Index-4 Newspapers"
"Economic Policy Uncertainty (EPU) Index","31-Jan-2017","TS_GP_MFS_EPUI_M.EPUI2","A. EPUI-2 Newspapers","70.692164","Index","Normal","","10","Economic Policy Uncertainty Index-2 Newspapers"
"Economic Policy Uncertainty (EPU) Index","31-Jan-2017","TS_GP_MFS_EPUI_M.EPUI4","B. EPUI-4 Newspapers","57.77080751","Index","Normal","","20","Economic Policy Uncertainty Index-4 Newspapers"
"Economic Policy Uncertainty (EPU) Index","31-Dec-2016","TS_GP_MFS_EPUI_M.EPUI2","A. EPUI-2 Newspapers","55.23982637","Index","Normal","","10","Economic Policy Uncertainty Index-2 Newspapers"
"Economic Policy Uncertainty (EPU) Index","31-Dec-2016","TS_GP_MFS_EPUI_M.EPUI4","B. EPUI-4 Newspapers","47.21903534","Index","Normal","","20","Economic Policy Uncertainty Index-4 Newspapers"
"Economic Policy Uncertainty (EPU) Index","30-Nov-2016","TS_GP_MFS_EPUI_M.EPUI2","A. EPUI-2 Newspapers","87.35091717","Index","Normal","","10","Economic Policy Uncertainty Index-2 Newspapers"
"Economic Policy Uncertainty (EPU) Index","30-Nov-2016","TS_GP_MFS_EPUI_M.EPUI4","B. EPUI-4 Newspapers","68.7758843","Index","Normal","","20","Economic Policy Uncertainty Index-4 Newspapers"
"Economic Policy Uncertainty (EPU) Index","31-Oct-2016","TS_GP_MFS_EPUI_M.EPUI2","A. EPUI-2 Newspapers","75.9328696","Index","Normal","","10","Economic Policy Uncertainty Index-2 Newspapers"
"Economic Policy Uncertainty (EPU) Index","31-Oct-2016","TS_GP_MFS_EPUI_M.EPUI4","B. EPUI-4 Newspapers","70.45006659","Index","Normal","","20","Economic Policy Uncertainty Index-4 Newspapers"
"Economic Policy Uncertainty (EPU) Index","30-Sep-2016","TS_GP_MFS_EPUI_M.EPUI2","A. EPUI-2 Newspapers","43.56961082","Index","Normal","","10","Economic Policy Uncertainty Index-2 Newspapers"
"Economic Policy Uncertainty (EPU) Index","30-Sep-2016","TS_GP_MFS_EPUI_M.EPUI4","B. EPUI-4 Newspapers","50.84124332","Index","Normal","","20","Economic Policy Uncertainty Index-4 Newspapers"
"Economic Policy Uncertainty (EPU) Index","31-Aug-2016","TS_GP_MFS_EPUI_M.EPUI2","A. EPUI-2 Newspapers","51.9812717","Index","Normal","","10","Economic Policy Uncertainty Index-2 Newspapers"
"Economic Policy Uncertainty (EPU) Index","31-Aug-2016","TS_GP_MFS_EPUI_M.EPUI4","B. EPUI-4 Newspapers","33.19301467","Index","Normal","","20","Economic Policy Uncertainty Index-4 Newspapers"
"Economic Policy Uncertainty (EPU) Index","31-Jul-2016","TS_GP_MFS_EPUI_M.EPUI2","A. EPUI-2 Newspapers","80.5247782","Index","Normal","","10","Economic Policy Uncertainty Index-2 Newspapers"
"Economic Policy Uncertainty (EPU) Index","31-Jul-2016","TS_GP_MFS_EPUI_M.EPUI4","B. EPUI-4 Newspapers","79.98532342","Index","Normal","","20","Economic Policy Uncertainty Index-4 Newspapers"
"Economic Policy Uncertainty (EPU) Index","30-Jun-2016","TS_GP_MFS_EPUI_M.EPUI2","A. EPUI-2 Newspapers","61.11115933","Index","Normal","","10","Economic Policy Uncertainty Index-2 Newspapers"
"Economic Policy Uncertainty (EPU) Index","30-Jun-2016","TS_GP_MFS_EPUI_M.EPUI4","B. EPUI-4 Newspapers","66.90671261","Index","Normal","","20","Economic Policy Uncertainty Index-4 Newspapers"
"Economic Policy Uncertainty (EPU) Index","31-May-2016","TS_GP_MFS_EPUI_M.EPUI2","A. EPUI-2 Newspapers","50.16885036","Index","Normal","","10","Economic Policy Uncertainty Index-2 Newspapers"
"Economic Policy Uncertainty (EPU) Index","31-May-2016","TS_GP_MFS_EPUI_M.EPUI4","B. EPUI-4 Newspapers","52.76349465","Index","Normal","","20","Economic Policy Uncertainty Index-4 Newspapers"
"Economic Policy Uncertainty (EPU) Index","30-Apr-2016","TS_GP_MFS_EPUI_M.EPUI2","A. EPUI-2 Newspapers","53.24162623","Index","Normal","","10","Economic Policy Uncertainty Index-2 Newspapers"
"Economic Policy Uncertainty (EPU) Index","30-Apr-2016","TS_GP_MFS_EPUI_M.EPUI4","B. EPUI-4 Newspapers","36.56065004","Index","Normal","","20","Economic Policy Uncertainty Index-4 Newspapers"
"Economic Policy Uncertainty (EPU) Index","31-Mar-2016","TS_GP_MFS_EPUI_M.EPUI2","A. EPUI-2 Newspapers","43.80154569","Index","Normal","","10","Economic Policy Uncertainty Index-2 Newspapers"
"Economic Policy Uncertainty (EPU) Index","31-Mar-2016","TS_GP_MFS_EPUI_M.EPUI4","B. EPUI-4 Newspapers","43.89343576","Index","Normal","","20","Economic Policy Uncertainty Index-4 Newspapers"
"Economic Policy Uncertainty (EPU) Index","29-Feb-2016","TS_GP_MFS_EPUI_M.EPUI2","A. EPUI-2 Newspapers","53.06438133","Index","Normal","","10","Economic Policy Uncertainty Index-2 Newspapers"
"Economic Policy Uncertainty (EPU) Index","29-Feb-2016","TS_GP_MFS_EPUI_M.EPUI4","B. EPUI-4 Newspapers","48.64481068","Index","Normal","","20","Economic Policy Uncertainty Index-4 Newspapers"
"Economic Policy Uncertainty (EPU) Index","31-Jan-2016","TS_GP_MFS_EPUI_M.EPUI2","A. EPUI-2 Newspapers","29.00841002","Index","Normal","","10","Economic Policy Uncertainty Index-2 Newspapers"
"Economic Policy Uncertainty (EPU) Index","31-Jan-2016","TS_GP_MFS_EPUI_M.EPUI4","B. EPUI-4 Newspapers","39.40906189","Index","Normal","","20","Economic Policy Uncertainty Index-4 Newspapers"
"Economic Policy Uncertainty (EPU) Index","31-Dec-2015","TS_GP_MFS_EPUI_M.EPUI2","A. EPUI-2 Newspapers","59.45045039","Index","Normal","","10","Economic Policy Uncertainty Index-2 Newspapers"
"Economic Policy Uncertainty (EPU) Index","31-Dec-2015","TS_GP_MFS_EPUI_M.EPUI4","B. EPUI-4 Newspapers","53.48786228","Index","Normal","","20","Economic Policy Uncertainty Index-4 Newspapers"
"Economic Policy Uncertainty (EPU) Index","30-Nov-2015","TS_GP_MFS_EPUI_M.EPUI2","A. EPUI-2 Newspapers","44.54040448","Index","Normal","","10","Economic Policy Uncertainty Index-2 Newspapers"
"Economic Policy Uncertainty (EPU) Index","30-Nov-2015","TS_GP_MFS_EPUI_M.EPUI4","B. EPUI-4 Newspapers","50.00495264","Index","Normal","","20","Economic Policy Uncertainty Index-4 Newspapers"
"Economic Policy Uncertainty (EPU) Index","31-Oct-2015","TS_GP_MFS_EPUI_M.EPUI2","A. EPUI-2 Newspapers","52.1457993","Index","Normal","","10","Economic Policy Uncertainty Index-2 Newspapers"
"Economic Policy Uncertainty (EPU) Index","31-Oct-2015","TS_GP_MFS_EPUI_M.EPUI4","B. EPUI-4 Newspapers","46.59461724","Index","Normal","","20","Economic Policy Uncertainty Index-4 Newspapers"
"Economic Policy Uncertainty (EPU) Index","30-Sep-2015","TS_GP_MFS_EPUI_M.EPUI2","A. EPUI-2 Newspapers","46.46864561","Index","Normal","","10","Economic Policy Uncertainty Index-2 Newspapers"
"Economic Policy Uncertainty (EPU) Index","30-Sep-2015","TS_GP_MFS_EPUI_M.EPUI4","B. EPUI-4 Newspapers","46.04357657","Index","Normal","","20","Economic Policy Uncertainty Index-4 Newspapers"
"Economic Policy Uncertainty (EPU) Index","31-Aug-2015","TS_GP_MFS_EPUI_M.EPUI2","A. EPUI-2 Newspapers","47.88836212","Index","Normal","","10","Economic Policy Uncertainty Index-2 Newspapers"
"Economic Policy Uncertainty (EPU) Index","31-Aug-2015","TS_GP_MFS_EPUI_M.EPUI4","B. EPUI-4 Newspapers","48.31624945","Index","Normal","","20","Economic Policy Uncertainty Index-4 Newspapers"
"Economic Policy Uncertainty (EPU) Index","31-Jul-2015","TS_GP_MFS_EPUI_M.EPUI2","A. EPUI-2 Newspapers","43.97345492","Index","Normal","","10","Economic Policy Uncertainty Index-2 Newspapers"
"Economic Policy Uncertainty (EPU) Index","31-Jul-2015","TS_GP_MFS_EPUI_M.EPUI4","B. EPUI-4 Newspapers","51.12628816","Index","Normal","","20","Economic Policy Uncertainty Index-4 Newspapers"
"Economic Policy Uncertainty (EPU) Index","30-Jun-2015","TS_GP_MFS_EPUI_M.EPUI2","A. EPUI-2 Newspapers","56.68155832","Index","Normal","","10","Economic Policy Uncertainty Index-2 Newspapers"
"Economic Policy Uncertainty (EPU) Index","30-Jun-2015","TS_GP_MFS_EPUI_M.EPUI4","B. EPUI-4 Newspapers","55.42258128","Index","Normal","","20","Economic Policy Uncertainty Index-4 Newspapers"
"Economic Policy Uncertainty (EPU) Index","31-May-2015","TS_GP_MFS_EPUI_M.EPUI2","A. EPUI-2 Newspapers","63.09020227","Index","Normal","","10","Economic Policy Uncertainty Index-2 Newspapers"
"Economic Policy Uncertainty (EPU) Index","31-May-2015","TS_GP_MFS_EPUI_M.EPUI4","B. EPUI-4 Newspapers","51.23071073","Index","Normal","","20","Economic Policy Uncertainty Index-4 Newspapers"
"Economic Policy Uncertainty (EPU) Index","30-Apr-2015","TS_GP_MFS_EPUI_M.EPUI2","A. EPUI-2 Newspapers","53.53873513","Index","Normal","","10","Economic Policy Uncertainty Index-2 Newspapers"
"Economic Policy Uncertainty (EPU) Index","30-Apr-2015","TS_GP_MFS_EPUI_M.EPUI4","B. EPUI-4 Newspapers","41.26101555","Index","Normal","","20","Economic Policy Uncertainty Index-4 Newspapers"
"Economic Policy Uncertainty (EPU) Index","31-Mar-2015","TS_GP_MFS_EPUI_M.EPUI2","A. EPUI-2 Newspapers","63.76553904","Index","Normal","","10","Economic Policy Uncertainty Index-2 Newspapers"
"Economic Policy Uncertainty (EPU) Index","31-Mar-2015","TS_GP_MFS_EPUI_M.EPUI4","B. EPUI-4 Newspapers","52.91674623","Index","Normal","","20","Economic Policy Uncertainty Index-4 Newspapers"
"Economic Policy Uncertainty (EPU) Index","28-Feb-2015","TS_GP_MFS_EPUI_M.EPUI2","A. EPUI-2 Newspapers","76.71902842","Index","Normal","","10","Economic Policy Uncertainty Index-2 Newspapers"
"Economic Policy Uncertainty (EPU) Index","28-Feb-2015","TS_GP_MFS_EPUI_M.EPUI4","B. EPUI-4 Newspapers","56.18189893","Index","Normal","","20","Economic Policy Uncertainty Index-4 Newspapers"
"Economic Policy Uncertainty (EPU) Index","31-Jan-2015","TS_GP_MFS_EPUI_M.EPUI2","A. EPUI-2 Newspapers","38.22473543","Index","Normal","","10","Economic Policy Uncertainty Index-2 Newspapers"
"Economic Policy Uncertainty (EPU) Index","31-Jan-2015","TS_GP_MFS_EPUI_M.EPUI4","B. EPUI-4 Newspapers","33.50697488","Index","Normal","","20","Economic Policy Uncertainty Index-4 Newspapers"
"Economic Policy Uncertainty (EPU) Index","31-Dec-2014","TS_GP_MFS_EPUI_M.EPUI2","A. EPUI-2 Newspapers","80.83526534","Index","Normal","","10","Economic Policy Uncertainty Index-2 Newspapers"
"Economic Policy Uncertainty (EPU) Index","30-Nov-2014","TS_GP_MFS_EPUI_M.EPUI2","A. EPUI-2 Newspapers","80.42876842","Index","Normal","","10","Economic Policy Uncertainty Index-2 Newspapers"
"Economic Policy Uncertainty (EPU) Index","31-Oct-2014","TS_GP_MFS_EPUI_M.EPUI2","A. EPUI-2 Newspapers","105.1632513","Index","Normal","","10","Economic Policy Uncertainty Index-2 Newspapers"
"Economic Policy Uncertainty (EPU) Index","30-Sep-2014","TS_GP_MFS_EPUI_M.EPUI2","A. EPUI-2 Newspapers","164.8058016","Index","Normal","","10","Economic Policy Uncertainty Index-2 Newspapers"
"Economic Policy Uncertainty (EPU) Index","31-Aug-2014","TS_GP_MFS_EPUI_M.EPUI2","A. EPUI-2 Newspapers","160.1136616","Index","Normal","","10","Economic Policy Uncertainty Index-2 Newspapers"
"Economic Policy Uncertainty (EPU) Index","31-Jul-2014","TS_GP_MFS_EPUI_M.EPUI2","A. EPUI-2 Newspapers","47.79157297","Index","Normal","","10","Economic Policy Uncertainty Index-2 Newspapers"
"Economic Policy Uncertainty (EPU) Index","30-Jun-2014","TS_GP_MFS_EPUI_M.EPUI2","A. EPUI-2 Newspapers","69.63234087","Index","Normal","","10","Economic Policy Uncertainty Index-2 Newspapers"
"Economic Policy Uncertainty (EPU) Index","31-May-2014","TS_GP_MFS_EPUI_M.EPUI2","A. EPUI-2 Newspapers","64.39144121","Index","Normal","","10","Economic Policy Uncertainty Index-2 Newspapers"
"Economic Policy Uncertainty (EPU) Index","30-Apr-2014","TS_GP_MFS_EPUI_M.EPUI2","A. EPUI-2 Newspapers","49.73283865","Index","Normal","","10","Economic Policy Uncertainty Index-2 Newspapers"
"Economic Policy Uncertainty (EPU) Index","31-Mar-2014","TS_GP_MFS_EPUI_M.EPUI2","A. EPUI-2 Newspapers","74.4692596","Index","Normal","","10","Economic Policy Uncertainty Index-2 Newspapers"
"Economic Policy Uncertainty (EPU) Index","28-Feb-2014","TS_GP_MFS_EPUI_M.EPUI2","A. EPUI-2 Newspapers","40.42869394","Index","Normal","","10","Economic Policy Uncertainty Index-2 Newspapers"
"Economic Policy Uncertainty (EPU) Index","31-Jan-2014","TS_GP_MFS_EPUI_M.EPUI2","A. EPUI-2 Newspapers","86.30259178","Index","Normal","","10","Economic Policy Uncertainty Index-2 Newspapers"
"Economic Policy Uncertainty (EPU) Index","31-Dec-2013","TS_GP_MFS_EPUI_M.EPUI2","A. EPUI-2 Newspapers","96.91176814","Index","Normal","","10","Economic Policy Uncertainty Index-2 Newspapers"
"Economic Policy Uncertainty (EPU) Index","30-Nov-2013","TS_GP_MFS_EPUI_M.EPUI2","A. EPUI-2 Newspapers","74.82852311","Index","Normal","","10","Economic Policy Uncertainty Index-2 Newspapers"
"Economic Policy Uncertainty (EPU) Index","31-Oct-2013","TS_GP_MFS_EPUI_M.EPUI2","A. EPUI-2 Newspapers","73.14480097","Index","Normal","","10","Economic Policy Uncertainty Index-2 Newspapers"
"Economic Policy Uncertainty (EPU) Index","30-Sep-2013","TS_GP_MFS_EPUI_M.EPUI2","A. EPUI-2 Newspapers","69.52450994","Index","Normal","","10","Economic Policy Uncertainty Index-2 Newspapers"
"Economic Policy Uncertainty (EPU) Index","31-Aug-2013","TS_GP_MFS_EPUI_M.EPUI2","A. EPUI-2 Newspapers","52.2742626","Index","Normal","","10","Economic Policy Uncertainty Index-2 Newspapers"
"Economic Policy Uncertainty (EPU) Index","31-Jul-2013","TS_GP_MFS_EPUI_M.EPUI2","A. EPUI-2 Newspapers","44.43778974","Index","Normal","","10","Economic Policy Uncertainty Index-2 Newspapers"
"Economic Policy Uncertainty (EPU) Index","30-Jun-2013","TS_GP_MFS_EPUI_M.EPUI2","A. EPUI-2 Newspapers","57.72447389","Index","Normal","","10","Economic Policy Uncertainty Index-2 Newspapers"
"Economic Policy Uncertainty (EPU) Index","31-May-2013","TS_GP_MFS_EPUI_M.EPUI2","A. EPUI-2 Newspapers","69.07111006","Index","Normal","","10","Economic Policy Uncertainty Index-2 Newspapers"
"Economic Policy Uncertainty (EPU) Index","30-Apr-2013","TS_GP_MFS_EPUI_M.EPUI2","A. EPUI-2 Newspapers","61.72656734","Index","Normal","","10","Economic Policy Uncertainty Index-2 Newspapers"
"Economic Policy Uncertainty (EPU) Index","31-Mar-2013","TS_GP_MFS_EPUI_M.EPUI2","A. EPUI-2 Newspapers","43.91456163","Index","Normal","","10","Economic Policy Uncertainty Index-2 Newspapers"
"Economic Policy Uncertainty (EPU) Index","28-Feb-2013","TS_GP_MFS_EPUI_M.EPUI2","A. EPUI-2 Newspapers","81.5823698","Index","Normal","","10","Economic Policy Uncertainty Index-2 Newspapers"
"Economic Policy Uncertainty (EPU) Index","31-Jan-2013","TS_GP_MFS_EPUI_M.EPUI2","A. EPUI-2 Newspapers","60.96264482","Index","Normal","","10","Economic Policy Uncertainty Index-2 Newspapers"
"Economic Policy Uncertainty (EPU) Index","31-Dec-2012","TS_GP_MFS_EPUI_M.EPUI2","A. EPUI-2 Newspapers","57.49115645","Index","Normal","","10","Economic Policy Uncertainty Index-2 Newspapers"
"Economic Policy Uncertainty (EPU) Index","30-Nov-2012","TS_GP_MFS_EPUI_M.EPUI2","A. EPUI-2 Newspapers","60.60901722","Index","Normal","","10","Economic Policy Uncertainty Index-2 Newspapers"
"Economic Policy Uncertainty (EPU) Index","31-Oct-2012","TS_GP_MFS_EPUI_M.EPUI2","A. EPUI-2 Newspapers","52.8142887","Index","Normal","","10","Economic Policy Uncertainty Index-2 Newspapers"
"Economic Policy Uncertainty (EPU) Index","30-Sep-2012","TS_GP_MFS_EPUI_M.EPUI2","A. EPUI-2 Newspapers","35.09835582","Index","Normal","","10","Economic Policy Uncertainty Index-2 Newspapers"
"Economic Policy Uncertainty (EPU) Index","31-Aug-2012","TS_GP_MFS_EPUI_M.EPUI2","A. EPUI-2 Newspapers","64.83492349","Index","Normal","","10","Economic Policy Uncertainty Index-2 Newspapers"
"Economic Policy Uncertainty (EPU) Index","31-Jul-2012","TS_GP_MFS_EPUI_M.EPUI2","A. EPUI-2 Newspapers","88.4628663","Index","Normal","","10","Economic Policy Uncertainty Index-2 Newspapers"
"Economic Policy Uncertainty (EPU) Index","30-Jun-2012","TS_GP_MFS_EPUI_M.EPUI2","A. EPUI-2 Newspapers","103.8499394","Index","Normal","","10","Economic Policy Uncertainty Index-2 Newspapers"
"Economic Policy Uncertainty (EPU) Index","31-May-2012","TS_GP_MFS_EPUI_M.EPUI2","A. EPUI-2 Newspapers","97.65643309","Index","Normal","","10","Economic Policy Uncertainty Index-2 Newspapers"
"Economic Policy Uncertainty (EPU) Index","30-Apr-2012","TS_GP_MFS_EPUI_M.EPUI2","A. EPUI-2 Newspapers","87.1453516","Index","Normal","","10","Economic Policy Uncertainty Index-2 Newspapers"
"Economic Policy Uncertainty (EPU) Index","31-Mar-2012","TS_GP_MFS_EPUI_M.EPUI2","A. EPUI-2 Newspapers","72.21406903","Index","Normal","","10","Economic Policy Uncertainty Index-2 Newspapers"
"Economic Policy Uncertainty (EPU) Index","29-Feb-2012","TS_GP_MFS_EPUI_M.EPUI2","A. EPUI-2 Newspapers","101.8908095","Index","Normal","","10","Economic Policy Uncertainty Index-2 Newspapers"
"Economic Policy Uncertainty (EPU) Index","31-Jan-2012","TS_GP_MFS_EPUI_M.EPUI2","A. EPUI-2 Newspapers","76.89213554","Index","Normal","","10","Economic Policy Uncertainty Index-2 Newspapers"
"Economic Policy Uncertainty (EPU) Index","31-Dec-2011","TS_GP_MFS_EPUI_M.EPUI2","A. EPUI-2 Newspapers","109.1133776","Index","Normal","","10","Economic Policy Uncertainty Index-2 Newspapers"
"Economic Policy Uncertainty (EPU) Index","30-Nov-2011","TS_GP_MFS_EPUI_M.EPUI2","A. EPUI-2 Newspapers","78.36510229","Index","Normal","","10","Economic Policy Uncertainty Index-2 Newspapers"
"Economic Policy Uncertainty (EPU) Index","31-Oct-2011","TS_GP_MFS_EPUI_M.EPUI2","A. EPUI-2 Newspapers","95.85225109","Index","Normal","","10","Economic Policy Uncertainty Index-2 Newspapers"
"Economic Policy Uncertainty (EPU) Index","30-Sep-2011","TS_GP_MFS_EPUI_M.EPUI2","A. EPUI-2 Newspapers","100.0371382","Index","Normal","","10","Economic Policy Uncertainty Index-2 Newspapers"
"Economic Policy Uncertainty (EPU) Index","31-Aug-2011","TS_GP_MFS_EPUI_M.EPUI2","A. EPUI-2 Newspapers","90.14787351","Index","Normal","","10","Economic Policy Uncertainty Index-2 Newspapers"
"Economic Policy Uncertainty (EPU) Index","31-Jul-2011","TS_GP_MFS_EPUI_M.EPUI2","A. EPUI-2 Newspapers","63.74189071","Index","Normal","","10","Economic Policy Uncertainty Index-2 Newspapers"
"Economic Policy Uncertainty (EPU) Index","30-Jun-2011","TS_GP_MFS_EPUI_M.EPUI2","A. EPUI-2 Newspapers","114.7047434","Index","Normal","","10","Economic Policy Uncertainty Index-2 Newspapers"
"Economic Policy Uncertainty (EPU) Index","31-May-2011","TS_GP_MFS_EPUI_M.EPUI2","A. EPUI-2 Newspapers","89.51176608","Index","Normal","","10","Economic Policy Uncertainty Index-2 Newspapers"
"Economic Policy Uncertainty (EPU) Index","30-Apr-2011","TS_GP_MFS_EPUI_M.EPUI2","A. EPUI-2 Newspapers","139.3314263","Index","Normal","","10","Economic Policy Uncertainty Index-2 Newspapers"
"Economic Policy Uncertainty (EPU) Index","31-Mar-2011","TS_GP_MFS_EPUI_M.EPUI2","A. EPUI-2 Newspapers","87.33972109","Index","Normal","","10","Economic Policy Uncertainty Index-2 Newspapers"
"Economic Policy Uncertainty (EPU) Index","28-Feb-2011","TS_GP_MFS_EPUI_M.EPUI2","A. EPUI-2 Newspapers","109.6982277","Index","Normal","","10","Economic Policy Uncertainty Index-2 Newspapers"
"Economic Policy Uncertainty (EPU) Index","31-Jan-2011","TS_GP_MFS_EPUI_M.EPUI2","A. EPUI-2 Newspapers","101.1256522","Index","Normal","","10","Economic Policy Uncertainty Index-2 Newspapers"
"Economic Policy Uncertainty (EPU) Index","31-Dec-2010","TS_GP_MFS_EPUI_M.EPUI2","A. EPUI-2 Newspapers","106.1196087","Index","Normal","","10","Economic Policy Uncertainty Index-2 Newspapers"
"Economic Policy Uncertainty (EPU) Index","30-Nov-2010","TS_GP_MFS_EPUI_M.EPUI2","A. EPUI-2 Newspapers","78.694906","Index","Normal","","10","Economic Policy Uncertainty Index-2 Newspapers"
"Economic Policy Uncertainty (EPU) Index","31-Oct-2010","TS_GP_MFS_EPUI_M.EPUI2","A. EPUI-2 Newspapers","92.0298712","Index","Normal","","10","Economic Policy Uncertainty Index-2 Newspapers"
"Economic Policy Uncertainty (EPU) Index","30-Sep-2010","TS_GP_MFS_EPUI_M.EPUI2","A. EPUI-2 Newspapers","83.14629878","Index","Normal","","10","Economic Policy Uncertainty Index-2 Newspapers"
"Economic Policy Uncertainty (EPU) Index","31-Aug-2010","TS_GP_MFS_EPUI_M.EPUI2","A. EPUI-2 Newspapers","123.6518655","Index","Normal","","10","Economic Policy Uncertainty Index-2 Newspapers"
